team,player,position,injury,status
N/A,N/A,N/A,N/A,N/A
N/A,Jesse Luketa,LB,"Dec 15: Luketa sustained a thigh injury and is questionable to return to Sunday's game against the Patriots, Darren Urban of the Cardinals' official site reports.",Questionable
N/A,Mack Wilson Sr.,LB,"Dec 15: Wilson was ruled out with a concussion for the remainder of Sunday's game against the Patriots, Darren Urban of the Cardinals' official site reports.",Questionable
N/A,Xavier Weaver,WR,,Out
N/A,Travis Vokolek,TE,,Out
N/A,Khyiris Tonga,DT,,Out
N/A,Christian Jones,OT,,Out
N/A,Blake Gillikin,P,"Dec 14: Arizona placed Gillikin (foot) on injured reserve Saturday, Theo Mackie of The Arizona Republic reports.",Injured Reserve
N/A,Emari Demercado,RB,"Dec 14: The Cardinals placed Demercado (back) on injured reserve Saturday, Theo Mackie of The Arizona Republic reports.",Injured Reserve
N/A,Elijah Jones,CB,"Dec 13: Jones (ankle) has been ruled out for Sunday's matchup against New England, Zach Gershman of the Cardinals' official site reports.",Injured Reserve
N/A,Matt Prater,PK,"Dec 11: Head coach Jonathan Gannon said Wednesday that he remains hopeful Prater (knee) will return from injured reserve this season, Darren Urban of the Cardinals' official site reports.",Injured Reserve
N/A,Dennis Gardeck,LB,"Oct 25: The Cardinals placed Gardeck (knee) on injured reserve Friday, Darren Urban of the team's official site reports.",Injured Reserve
N/A,Bilal Nichols,DT,"Oct 15: The Cardinals placed Nichols (undisclosed) on injured reserve Tuesday, and he is expected to miss the rest of the regular season, Adam Schefter of ESPN reports.",Injured Reserve
N/A,Will Hernandez,G,Oct 8: Hernandez (knee) was placed on injured reserve Tuesday.,Injured Reserve
N/A,Justin Jones,DT,Sep 25: Jones (triceps) was placed on injured reserve Wednesday.,Injured Reserve
N/A,BJ Ojulari,LB,"Aug 5: The Cardinals placed Ojulari (knee) on injured reserve Monday, Darren Urban of the team's official site reports.",Injured Reserve
N/A,Carter O'Donnell,OT,"Jul 24: O'Donnell (undisclosed) reverted to the Cardinals' injured reserve Wednesday, Aaron Wilson of KPRC 2 Houston reports.",Injured Reserve
N/A,N/A,N/A,N/A,N/A
N/A,Ruke Orhorhoro,DT,"Dec 14: Orhorhoro, who is on IR due to an ankle injury, is questionable to play against Las Vegas on Monday, Marc Raimondi of ESPN.com reports.",Injured Reserve
N/A,Casey Washington,WR,"Dec 14: Washington (concussion) has been ruled out for Monday's matchup against the Raiders, Marc Raimondi of ESPN.com reports.",Out
N/A,Troy Andersen,LB,"Dec 14: Andersen (knee) won't suit up Monday against Las Vegas, Marc Raimondi of ESPN.com reports.",Out
N/A,Jase McClellan,RB,"Dec 11: McClellan (knee) was placed on injured reserve Wednesday, Terrin Waack of the Falcons' official site reports.",Injured Reserve
N/A,DeMarcco Hellams,S,"Nov 27: Coach Raheem Morris said Wednesday that Hellams (ankle) is still ""slow to go,"" Marc Raimondi of ESPN.com reports.",Injured Reserve
N/A,Ta'Quon Graham,DT,"Nov 17: The Falcons placed Graham (pectoral) on injured reserve Saturday, Daniel Flick of SI.com reports.",Injured Reserve
N/A,James Smith-Williams,DE,"Nov 16: The Falcons placed Smith-Williams (lower leg) on injured reserve Saturday, Daniel Flick of SI.com reports.",Injured Reserve
N/A,Micah Abernathy,S,"Oct 15: The Falcons placed Abernathy on injured reserve Tuesday due to a knee injury, Terrin Waack of the team's official site reports.",Injured Reserve
N/A,Robert Burns,RB,"Aug 13: Atlanta placed Burns (undisclosed) on its reserve-PUP list Tuesday, Aaron Wilson of KPRC 2 Houston reports.",Out
N/A,Bralen Trice,LB,"Aug 12: Head coach Raheem Morris confirmed Monday that Trice tore his ACL in Friday's preseason loss to the Dolphins, Marc Raimondi of ESPN.com reports.",Injured Reserve
N/A,Harrison Hand,CB,"Aug 11: Hand (knee) was placed on injured reserve Sunday and is out for the season, Terrin Waack of the Falcons' official site reports.",Injured Reserve
N/A,Rondale Moore,WR,"Aug 8: The Falcons placed Moore (knee) on injured reserve Thursday, ruling him out for the entire 2024 campaign, Terrin Waack of the Falcons' official site reports.",Injured Reserve
N/A,N/A,N/A,N/A,N/A
N/A,Sanoussi Kane,S,Dec 15: Kane (hamstring) is inactive for Sunday's game against the Giants.,Out
N/A,Adisa Isaac,LB,Dec 15: Isaac (hamstring) is inactive for Sunday's game against the Giants.,Out
N/A,Marcus Williams,S,Dec 15: Williams (coach's decision) is inactive for Sunday's matchup versus the Giants.,Out
N/A,Keaton Mitchell,RB,Dec 15: Mitchell (coach's decision) is inactive  for Sunday's game against the Giants.,Out
N/A,Nick Samac,C,,Out
N/A,Arthur Maulet,CB,"Nov 30: Baltimore placed Maulet (calf/knee) on injured reserve Saturday, Jamison Hensley of ESPN.com reports.",Injured Reserve
N/A,Charlie Kolar,TE,"Nov 30: The Ravens placed Kolar (forearm) on injured reserve Saturday, Jamison Hensley of ESPN.com reports.",Injured Reserve
N/A,T.J. Tampa,CB,"Nov 28: Tampa (ankle) has been designated to return from injury reserve and was a limited participant in Thursday's practice session, Jonas Shaffer of TheBaltimoreBanner.com reports.",Injured Reserve
N/A,Deonte Harty,WR,"Oct 19: The Ravens placed Harty (knee) on injured reserve Saturday, Brian Wacker of The Baltimore Sun reports.",Injured Reserve
N/A,Christian Matthew,CB,Aug 28: Matthew (undisclosed) was placed on injured reserve by the Ravens on Tuesday.,Injured Reserve
N/A,Trayvon Mullen,CB,Aug 28: Mullen (shoulder) was placed on injured reserve by the Ravens on Tuesday.,Injured Reserve
N/A,Owen Wright,RB,"Aug 27: Wright (foot) was placed on injured reserve by the Ravens on Tuesday, Clifton Brown of the team's official site reports.",Injured Reserve
N/A,Malik Hamm,LB,"Aug 13: Hamm underwent surgery to repair a torn ACL in his knee, Jonas Shaffer of TheBaltimoreBanner.com reports.",Injured Reserve
N/A,N/A,N/A,N/A,N/A
N/A,Casey Toohill,DE,Dec 15: Toohill (ribs) is inactive for Sunday's game against the Lions.,Out
N/A,Damar Hamlin,S,Dec 15: Hamlin (back) is inactive for Sunday's game against the Lions.,Out
N/A,Taylor Rapp,S,Dec 15: Rapp (neck/shoulder) is inactive for Sunday's game against the Lions.,Out
N/A,Edefuan Ulofoshio,LB,,Out
N/A,Quinton Jefferson,DT,,Out
N/A,Rasul Douglas,CB,,Out
N/A,Mike White,QB,Dec 14: White has been elevated from the practice squad Saturday ahead of Sunday's game against the Lions.,Out
N/A,Tylan Grable,OT,Nov 29: Grable (abdomen) was a full participant in Friday's practice but has been ruled out for Sunday's game against the 49ers.,Injured Reserve
N/A,Travis Clayton,OT,"Aug 27: Buffalo placed Clayton (shoulder) on its injured reserve list Tuesday, Alec White of the Bills' official site reports.",Injured Reserve
N/A,Shane Buechele,QB,Aug 13: The Bills placed Buechele (neck) on injured reserve Tuesday.,Injured Reserve
N/A,Tommy Doyle,OT,"Jun 6: Doyle (knee) reverted Wednesday to Buffalo's reserve/PUP list after clearing waivers, Aaron Wilson of KPRC 2 Houston reports.",Out
N/A,N/A,N/A,N/A,N/A
N/A,Xavier Legette,WR,"Dec 15: Legette suffered a groin injury during Sunday's contest against the Cowboys, Kassidy Hill of the Panthers' official site reports.",Questionable
N/A,Nick Scott,S,"Dec 15: Scott (hamstring) is inactive for Sunday's game against the Cowboys, Darin Gantt of the Panthers' official site reports.",Out
N/A,Trevin Wallace,LB,,Out
N/A,Sam Roberts,DT,,Out
N/A,Jarrett Kingston,OT,,Out
N/A,Akayleb Evans,CB,,Out
N/A,Raheem Blackshear,RB,,Out
N/A,Shemar Bartholomew,CB,,Out
N/A,Jonathon Brooks,RB,"Dec 10: Carolina placed Brooks (knee) on injured reserve Tuesday, Darin Gantt of the Panthers' official site reports.",Injured Reserve
N/A,Miles Sanders,RB,Nov 23: The Panthers placed Sanders (ankle) on injured reserve Saturday.,Injured Reserve
N/A,Ian Thomas,TE,"Nov 18: Carolina placed Thomas (calf) on its injured reserve list Monday, Darin Gantt of the Panthers' official site reports.",Injured Reserve
N/A,Austin Corbett,C,"Oct 15: Corbett (biceps) underwent surgery to repair a torn biceps Tuesday, per his personal X account.",Injured Reserve
N/A,Shaq Thompson,LB,"Oct 5: The Panthers placed Thompson (Achilles) on injured reserve Saturday, David Newton of ESPN.com reports.",Injured Reserve
N/A,Derrick Brown,DE,"Sep 10: Carolina placed Brown (knee) on injured reserve Tuesday. He'll miss the remainder of the 2024 season, Darin Gantt of the Panthers' official site reports.",Injured Reserve
N/A,Anthony Brown,CB,"Aug 19: The Panthers placed Brown (thumb) on injured reserve Monday, Darin Gantt of the team's official site reports.",Injured Reserve
N/A,Popo Aumavae,DT,"Jul 26: Aumavae (undisclosed) reverted to Carolina's injured reserve list Friday, Aaron Wilson of KPRC 2 Houston reports.",Injured Reserve
N/A,Raequan Williams,DE,"May 13: Williams (undisclosed) cleared waivers and reverted to injured reserve Monday, Mike Kaye of The Charlotte Observer reports.",Injured Reserve
N/A,N/A,N/A,N/A,N/A
N/A,Braxton Jones,OT,"Dec 15: Jones (concussion) won't play in Chiago's matchup versus the Vikings on Monday, Jason Lieser of the Chicago Sun-Times reports.",Out
N/A,Ryan Bates,C,Dec 15: Bates (concussion) has been ruled out for Monday's matchup against Minnesota.,Out
N/A,Gervon Dexter Sr.,DT,Dec 14: Dexter (knee) has been ruled out for Monday's matchup against Minnesota.,Out
N/A,D'Andre Swift,RB,Dec 14: Swift (groin) is listed as questionable for Monday's contest against the Vikings.,Questionable
N/A,Roschon Johnson,RB,Dec 14: Johnson (concussion) has been ruled out and will not play Monday against the Vikings.,Out
N/A,DeAndre Carter,WR,"Dec 11: Carter (hamstring) was placed on injured reserve Wednesday, Courtney Cronin of ESPN.com reports.",Injured Reserve
N/A,Jaquan Brisker,S,"Nov 17: General manager Ryan Poles relayed Sunday that Brisker (concussion) ""wasn't making the progress we wanted,"" which is what caused the Bears to place the third-year safety on injured reserve Saturday, Courtney Cronin of ESPN.com reports.",Injured Reserve
N/A,Andrew Billings,DT,"Nov 7: The Bears placed Billings (pectoral) on injured reserve Thursday, Scott Bair of Marquee Sports Network reports.",Injured Reserve
N/A,Bill Murray,G,"Oct 29: The Bears placed Murray (pectoral) on injured reserve Tuesday, Courtney Cronin of ESPN.com reports.",Injured Reserve
N/A,Stephen Carlson,TE,"Sep 28: The Bears placed Carlson (collarbone) on injured reserve Saturday, Scott Bair of Marquee Sports Network reports.",Injured Reserve
N/A,Douglas Coleman III,S,Aug 29: The Bears reverted Coleman (upper body) to injured reserve Wednesday.,Injured Reserve
N/A,Patrick Scales,LS,"Aug 29: The Bears placed Scales (back) on the reserve/injured list Thursday, Larry Mayer of the team's official site reports.",Injured Reserve
N/A,Nsimba Webster,WR,Aug 24: Webster (groin) was placed on injured reserve by the Bears on Saturday.,Injured Reserve
N/A,Ian Wheeler,RB,,Injured Reserve
N/A,N/A,N/A,N/A,N/A
N/A,Sam Hubbard,DE,Dec 15: Hubbard (knee) has been ruled out for the rest of Sunday's game against the Titans.,Questionable
N/A,Orlando Brown Jr.,OT,Dec 15: Brown (leg) is inactive for Sunday's game against the Titans.,Out
N/A,Cody Ford,G,"Dec 15: Ford is inactive for Sunday's game against the Titans due to an illness, Paul Dehner Jr. of The Athletic reports.",Out
N/A,Logan Woodside,QB,Dec 15: Woodside (coach's decision) is inactive for Sunday's game against the Titans.,Out
N/A,Charlie Jones,WR,Dec 15: Jones (groin) is inactive for Sunday's matchup with the Titans.,Out
N/A,Sheldon Rankins,DT,,Out
N/A,Tanner McLachlan,TE,,Out
N/A,Joe Bachie,LB,Dec 15: The Bengals placed Bachie (groin) on injured reserve Saturday.,Injured Reserve
N/A,Logan Wilson,LB,Dec 6: Wilson (knee) was placed on injured reserve Friday.,Injured Reserve
N/A,Evan McPherson,PK,Dec 4: The Bengals placed McPherson on injured reserve Wednesday with a right groin injury.,Injured Reserve
N/A,DJ Turner II,CB,"Nov 19: Bengals head coach Zac Taylor confirmed Tuesday that Turner sustained a fractured clavicle during Sunday's loss to the Chargers and will be placed on injured reserve, Geoff Hobson of the Bengals' official site reports.",Injured Reserve
N/A,Erick All Jr.,TE,Nov 5: The Bengals placed All (knee) on injured reserve Tuesday.,Injured Reserve
N/A,Zack Moss,RB,Nov 5: The Bengals placed Moss (neck) on injured reserve Tuesday.,Injured Reserve
N/A,Jaxson Kirkland,G,Oct 8: Kirkland (biceps) was placed on injured reserve Tuesday.,Injured Reserve
N/A,Dax Hill,CB,Oct 8: The Bengals placed Hill (knee) on injured reserve Tuesday.,Injured Reserve
N/A,Trent Brown,OT,"Sep 28: The Bengals placed Brown (knee) on injured reserve Saturday, Adam Schefter of ESPN reports.",Injured Reserve
N/A,Lance Robinson,CB,"Aug 29: The Bengals reverted Robinson (undisclosed) to IR on Wednesday, per the NFL's transaction log.",Injured Reserve
N/A,D'Ante Smith,OT,Aug 19: Smith (leg) was placed on injured reserve Monday.,Injured Reserve
N/A,Chris Evans,RB,Aug 19: Evans (leg) was placed on injured reserve Monday.,Injured Reserve
N/A,Cam Sample,DE,Aug 7: The Bengals placed Sample (Achilles) on injured reserve Wednesday.,Injured Reserve
N/A,N/A,N/A,N/A,N/A
N/A,Dustin Hopkins,PK,"Dec 15: Head coach Kevin Stefanski said that Hopkins will kick next Sunday against the Bengals, Daniel Oyefusi of ESPN.com reports.",Out
N/A,Nick Chubb,RB,,Doubtful
N/A,Shelby Harris,DT,"Dec 15: Harris is questionable to return to Sunday's game against the Chiefs due to an elbow injury, Kelsey Russo of the Browns' official site reports.",Questionable
N/A,Myles Garrett,DE,,Questionable
N/A,Martin Emerson Jr.,CB,"Dec 15: Emerson (head) has been downgraded to out for the rest of Sunday's game against the Chiefs, Kelsey Russo of the Browns' official site reports.",Questionable
N/A,D'Onta Foreman,RB,Dec 15: Foreman (coach's decision) is inactive for Sunday's clash against Kansas City.,Out
N/A,David Njoku,TE,Dec 15: Njoku (hamstring) is inactive for Sunday's game against the Chiefs.,Out
N/A,Bailey Zappe,QB,,Out
N/A,Cedric Tillman,WR,,Out
N/A,James Houston,DE,,Out
N/A,Chigozie Anusiem,CB,,Out
N/A,Greg Newsome II,CB,Dec 10: The Browns placed Newsome (hamstring) on injured reserve Tuesday.,Injured Reserve
N/A,Jeremiah Owusu-Koramoah,LB,"Dec 9: Owusu-Koramoah (neck) will not play this Sunday against the Chiefs, Mary Kay Cabot of The Cleveland Plain Dealer reports.",Injured Reserve
N/A,Maurice Hurst II,DT,Dec 7: The Browns placed Hurst (ankle) on injured reserve Saturday.,Injured Reserve
N/A,Jedrick Wills Jr.,OT,"Dec 7: The Browns placed Wills (knee) on injured reserve Saturday, Mary Kay Cabot of The Cleveland Plain Dealer reports.",Injured Reserve
N/A,Geoff Swaim,TE,"Nov 29: Swaim (concussion) didn't practice Friday, Daniel Oyefusi of ESPN.com reports.",Injured Reserve
N/A,Dawand Jones,OT,Nov 19: Cleveland placed Jones (lower leg) on its injured reserve list Tuesday.,Injured Reserve
N/A,Tony Brown II,CB,Oct 29: Cleveland placed Brown (foot) on its injured reserve list Tuesday.,Injured Reserve
N/A,Deshaun Watson,QB,"Oct 25: Watson underwent successful surgery Friday to repair a ruptured right Achilles' tendon, Kelsey Russo of the Browns' official site reports.",Injured Reserve
N/A,Nyheim Hines,RB,"Oct 23: Browns head coach Kevin Stefanski said Wednesday that Hines (knee) won't be activated from the reserve/non-football injury list and will remain sidelined for the rest of the 2024 season, Daniel Oyefusi of ESPN.com reports.",Out
N/A,Nick Harris,C,Oct 15: The Browns placed Harris (ankle) on injured reserve Tuesday.,Injured Reserve
N/A,James Hudson III,OT,"Oct 12: Cleveland placed Hudson (shoulder) on IR on Saturday, Kelsey Russo of the Browns' official site reports.",Injured Reserve
N/A,Charley Hughlett,LS,Oct 9: Cleveland placed Hughlett (ribs) on its injured reserve list Wednesday.,Injured Reserve
N/A,Alex Wright,DE,"Oct 5: The Browns placed Wright (triceps) on injured reserve Saturday, Daniel Oyefusi of ESPN.com reports.",Injured Reserve
N/A,David Bell,WR,Sep 17: The Browns placed Bell (hip) on injured reserve Tuesday.,Injured Reserve
N/A,N/A,N/A,N/A,N/A
N/A,Jourdan Lewis,CB,"Dec 15: Lewis is questionable to return to Sunday's game against the Panthers due to an elbow injury, Calvin Watkins of The Dallas Morning News reports.",Questionable
N/A,T.J. Bass,G,"Dec 15: Bass sustained a thigh injury and will not return to Sunday's game against the Panthers, Nick Harris of the Fort Worth Star-Telegram reports.",Questionable
N/A,Chuma Edoga,G,"Dec 15: Edoga (ankle) is questionable to return to Sunday's game against the Panthers, Calvin Watkins of The Dallas Morning News reports.",Questionable
N/A,Caelen Carson,CB,"Dec 15: Carson underwent season-ending surgery on his shoulder prior to last week's 27-20 loss to the Bengals, Nick Harris of The Fort Worth Star-Telegram reports.",Injured Reserve
N/A,Ryan Flournoy,WR,Dec 15: Flournoy (coach's decision) is listed as inactive Sunday in Carolina.,Out
N/A,Tyrus Wheat,DE,,Out
N/A,Deuce Vaughn,RB,,Out
N/A,Juanyeh Thomas,S,,Out
N/A,Cooper Beebe,G,,Out
N/A,Trevon Diggs,CB,"Dec 14: Diggs is expected to undergo surgery on his left knee will miss the remainder of the 2024 campaign, David Moore of The Dallas Morning News reports.",Out
N/A,DeMarvion Overshown,LB,"Dec 14: Overshown (knee) was placed on IR on Saturday, Todd Archer of ESPN.com reports.",Injured Reserve
N/A,Josh Butler,CB,Dec 9: Butler (knee) was placed on injured reserve Monday.,Injured Reserve
N/A,Zack Martin,G,Dec 9: Martin (ankle) was placed on injured reserve Monday.,Injured Reserve
N/A,DeMarcus Lawrence,DE,"Nov 29: Head coach Mike McCarthy said Friday that Lawrence (foot) is ""coming back into the fray as far as practicing,"" Todd Archer of ESPN.com reports.",Injured Reserve
N/A,Asim Richards,OT,Nov 27: The Cowboys placed Richards (ankle) on injured reserve Wednesday.,Injured Reserve
N/A,Markquese Bell,S,"Nov 23: Bell (shoulder) was placed on injured reserve Saturday, Clarence E. Hill Jr. of the Fort Worth Star-Telegram reports.",Injured Reserve
N/A,Dak Prescott,QB,Nov 18: The Cowboys placed Prescott (hamstring) on injured reserve Monday.,Injured Reserve
N/A,Sam Williams,DE,"Nov 11: The NFL lifted Williams' (knee) suspension Monday, Aaron Wilson of KPRC 2 Houston reports.",Injured Reserve
N/A,John Stephens Jr.,TE,"Oct 26: The Cowboys placed Stephens (knee) on injured reserve Saturday, Jon Machota of The Athletic reports.",Injured Reserve
N/A,Nathan Thomas,OT,Aug 28: Thomas (undisclosed) was placed on injured reserve by the Cowboys on Tuesday.,Injured Reserve
N/A,Earl Bostick Jr.,OT,Aug 19: Bostick (leg) was placed on the Cowboys' injured reserve Monday.,Injured Reserve
N/A,N/A,N/A,N/A,N/A
N/A,Zach Wilson,QB,,Out
N/A,Levi Wallace,CB,,Out
N/A,Eyioma Uwazurike,DE,,Out
N/A,Riley Moss,CB,,Out
N/A,Nick Gargiulo,G,,Out
N/A,Frank Crum,OT,,Out
N/A,Levelle Bailey,LB,,Out
N/A,Delarrin Turner-Yell,S,"Nov 20: Turner-Yell (knee) will remain on the reserve/PUP list Wednesday, and his 21-day window to return will come to a close, Parker Gabriel of The Denver Post reports.",Out
N/A,Tyler Badie,RB,"Oct 5: The Broncos placed Badie (back) on injured reserve Saturday, Parker Gabriel of The Denver Post reports.",Injured Reserve
N/A,Alex Singleton,LB,"Oct 4: Singleton will have surgery to repair his ACL on Oct. 15, Zac Stevens of TheDNVR.com reports.",Injured Reserve
N/A,Quinn Bailey,OT,"Aug 1: Bailey (ankle) was placed on injured reserve Thursday, Aric DiLalla of the Broncos' official site reports.",Injured Reserve
N/A,N/A,N/A,N/A,N/A
N/A,Colby Sorsdal,OT,,Out
N/A,Trevor Nowaske,LB,,Out
N/A,Emmanuel Moseley,CB,,Out
N/A,Giovanni Manu,OT,,Out
N/A,Brodric Martin,DT,,Out
N/A,Kayode Awosika,G,,Out
N/A,Myles Adams,DE,,Out
N/A,Aidan Hutchinson,DE,"Dec 8: The Lions are holding out hope that Hutchinson (tibia/fibula) could return for the NFC Championship Game, Jay Glazer reported on Fox NFL Sunday.",Injured Reserve
N/A,Mekhi Wingo,DT,Dec 1: The Lions placed Wingo (knee) on injured reserve Saturday.,Injured Reserve
N/A,Malcolm Rodriguez,LB,Nov 30: The Lions placed Rodriguez (knee) on injured reserve Saturday.,Injured Reserve
N/A,Kalif Raymond,WR,Nov 27: The Lions placed Raymond (foot) on injured reserve Wednesday.,Injured Reserve
N/A,Ennis Rakestraw Jr.,CB,Nov 24: The Lions placed Rakestraw (hamstring) on injured reserve Saturday.,Injured Reserve
N/A,Ifeatu Melifonwu,S,Nov 19: The Lions placed Melifonwu (undisclosed) on injured reserve Tuesday.,Injured Reserve
N/A,Alex Anzalone,LB,Nov 18: The Lions placed Anzalone (forearm) on injured reserve Monday.,Injured Reserve
N/A,Derrick Barnes,LB,"Nov 13: Barnes (knee) said Wednesday that he's not ruling out a return from injured reserve later this season, Dave Birkett of the Detroit Free Press reports.",Injured Reserve
N/A,Jalen Reeves-Maybin,LB,Nov 9: The Lions placed Reeves-Maybin (neck) on injured reserve Saturday.,Injured Reserve
N/A,Kyle Peko,DT,Oct 15: The Lions placed Peko (pectoral) on injured reserve Tuesday.,Injured Reserve
N/A,Marcus Davenport,DE,Sep 24: The Lions placed Davenport (triceps) on injured reserve Tuesday.,Injured Reserve
N/A,David Bada,DT,"Aug 29: Bada (Achilles) reverted to IR on Wednesday, per the NFL's transaction log.",Injured Reserve
N/A,John Cominsky,DE,Aug 29: Cominsky (knee) was placed on injured reserve Thursday.,Injured Reserve
N/A,Antoine Green,WR,"Aug 13: Green (concussion) reverted to Detroit's reserve/injured list Tuesday after clearing waivers, per the NFL transaction log.",Injured Reserve
N/A,Connor Galvin,OT,"Aug 12: Galvin (knee) reverted to Detroit's injured reserve list Monday, Aaron Wilson of KPRC 2 Houston reports.",Injured Reserve
N/A,Nate Lynn,DE,Aug 11: Lynn (shoulder) was put on injured reserve by the Lions on Sunday.,Injured Reserve
N/A,Netane Muti,G,Aug 1: Muti (shoulder) was placed on IR on Thursday.,Injured Reserve
N/A,Michael Badgley,PK,Jul 27: The Lions placed Badgley (hamstring) on injured reserve Saturday.,Injured Reserve
N/A,N/A,N/A,N/A,N/A
N/A,Javon Bullard,S,"Dec 13: Bullard (ankle) has been ruled out ahead of Sunday night's matchup against the Seahawks, Wes Hodkiewicz of the Packers' official site reports.",Out
N/A,Luke Musgrave,TE,"Dec 13: Musgrave (ankle) has been ruled out for Sunday's contest at Seattle, Wes Hodkiewicz of the Packers' official site reports.",Injured Reserve
N/A,Jaire Alexander,CB,"Dec 13: Head coach Matt LaFleur told reporters Friday that Alexander (knee) won't play in Sunday night's matchup against the Seahawks, Matt Schneidman of The Athletic reports.",Out
N/A,Corey Ballentine,CB,,Questionable
N/A,MarShawn Lloyd,RB,"Nov 20: The Packers placed Lloyd (ankle/hamstring/appendix) on the non-football illness list Wednesday, Ian Rapoport of NFL Network reports.",Out
N/A,Jordan Morgan,OT,"Nov 16: The Packers placed Morgan (shoulder) on injured reserve Saturday, Adam Schefter of ESPN reports.",Injured Reserve
N/A,Tyler Davis,TE,"Aug 27: Davis (shoulder) was placed on injured reserve by the Packers on Tuesday, Wes Hodkiewicz of the team's official site reports.",Injured Reserve
N/A,AJ Dillon,RB,"Aug 27: The Packers placed Dillon (neck) on injured reserve Tuesday, Wes Hodkiewicz of the team's official site reports.",Injured Reserve
N/A,N/A,N/A,N/A,N/A
N/A,Folorunso Fatukasi,DT,Dec 15: Fatukasi (ankle) was downgraded to out for the remainder of Sunday's game against the Dolphins.,Questionable
N/A,Steven Sims,WR,Dec 15: Sims (coach's decision) is inactive for Sunday's matchup with the Dolphins.,Out
N/A,Cade Stover,TE,,Out
N/A,Juice Scruggs,C,,Out
N/A,Jerry Hughes,DE,,Out
N/A,Kurt Hinish,DT,,Out
N/A,Kenyon Green,G,Dec 15: Green (shoulder) has been ruled out for Sunday's matchup with the Dolphins.,Injured Reserve
N/A,Jalen Pitre,S,Dec 13: The Texans placed Pitre (pectoral) on injured reserve Friday.,Injured Reserve
N/A,Brevin Jordan,TE,"Dec 5: The Texans and Jordan agreed to terms Thursday on a one-year contract extension, Ian Rapoport of NFL Network reports.",Injured Reserve
N/A,Teagan Quitoriano,TE,Nov 28: The Texans placed Quitoriano (knee) on injured reserve Thursday.,Injured Reserve
N/A,Ka'dar Hollman,CB,Nov 27: Hollman (knee) was placed on injured reserve Wednesday.,Injured Reserve
N/A,Stefon Diggs,WR,Oct 29: The Texans placed Diggs (knee) on injured reserve Tuesday.,Injured Reserve
N/A,British Brooks,RB,"Oct 18: Brooks underwent knee surgery Thursday to repair a torn meniscus, Aaron Wilson of KPRC 2 Houston reports.",Injured Reserve
N/A,Brandon Hill,S,Aug 28: Hill (leg) was placed on injured reserve by the Texans on Tuesday.,Injured Reserve
N/A,Case Keenum,QB,,Injured Reserve
N/A,Dalton Keene,TE,"Aug 21: Keene (knee) was placed on injured reserve Wednesday, Aaron Wilson of KPRC 2 Houston reports.",Injured Reserve
N/A,Jaylon Thomas,OT,"Aug 5: Thomas (undisclosed) reverted to injured reserve with the Texans on Sunday, per the NFL's transaction log.",Injured Reserve
N/A,LaDarius Henderson,G,"Jul 18: Henderson (foot) reverted to the Texans' reserve/non-football injury list Thursday, Aaron Wilson of KPRC 2 Houston reports.",Out
N/A,N/A,N/A,N/A,N/A
N/A,Atonio Mafi,G,,Out
N/A,Isaiah Land,DE,,Out
N/A,Darren Hall,S,,Out
N/A,Sam Ehlinger,QB,,Out
N/A,Ashton Dulin,WR,,Out
N/A,Ryan Kelly,C,Dec 15: Kelly (knee) remains on injured reserve and will not play Sunday against the Broncos.,Injured Reserve
N/A,Jaylon Carlies,LB,Dec 15: Carlies (lower leg) remains on injured reserve and will not play Sunday against the Broncos.,Injured Reserve
N/A,Braden Smith,OT,Dec 15: The Colts placed Smith (personal) on the reserve/NFI list Saturday.,Out
N/A,JuJu Brents,CB,"Dec 11: Colts head coach Shane Steichen said Wednesday the team is not yet designating Brents (knee) to return from IR, James Boyd of The Athletic reports.",Injured Reserve
N/A,Trevor Denbow,S,Oct 28: Denbow (knee) was placed on injured reserve Monday.,Injured Reserve
N/A,Will Fries,G,Oct 7: Fries (lower leg) was placed on injured reserve Monday.,Injured Reserve
N/A,Samson Ebukam,DE,Aug 27: Ebukam (Achilles) was placed on injured reserve with a designation to return.,Injured Reserve
N/A,Juwann Winfree,WR,"Aug 27: Winfree (undisclosed) was placed on injured reserve by the Colts on Tuesday, JJ Stankevitz of the team's official website reports.",Injured Reserve
N/A,Jelani Woods,TE,"Aug 27: The Colts are in line to place Woods (toe) on season-ending IR, James Boyd of The Athletic reports.",Injured Reserve
N/A,Ryan Coll,C,Aug 19: The Colts placed Coll (undisclosed) on injured reserve Monday.,Injured Reserve
N/A,Wesley French,C,"Aug 9: French underwent season-ending surgery on his ankle prior to being placed on injured reserve Wednesday, Joel A. Erickson of The Indianapolis Star reports.",Injured Reserve
N/A,Daniel Scott,S,Jun 6: The Colts placed Scott (Achilles) on injured reserve Thursday.,Injured Reserve
N/A,N/A,N/A,N/A,N/A
N/A,D'Ernest Johnson,RB,Dec 15: Johnson (coach's decision) is inactive for Sunday's matchup against the Jets.,Out
N/A,Esezi Otomewo,DT,,Out
N/A,Jordan Jefferson,DT,,Out
N/A,Javon Foster,OT,,Out
N/A,Myles Cole,DE,,Out
N/A,Evan Engram,TE,"Dec 14: Engram (shoulder) was placed on injured reserve Saturday, Demetrius Harvey of The Florida Times-Union reports.",Injured Reserve
N/A,Trevor Lawrence,QB,"Dec 6: Lawrence needs to clear concussion protocol before undergoing surgery on his sprained AC joint, Demetrius Harvey of The Florida Times-Union reports.",Injured Reserve
N/A,Gabe Davis,WR,Nov 19: The Jaguars placed Davis (knee) on injured reserve Tuesday.,Injured Reserve
N/A,Cooper Hodges,OT,"Nov 4: The Jaguars placed Hodges (knee) on injured reserve Monday, Demetrius Harvey of The Florida Times-Union reports.",Injured Reserve
N/A,Christian Kirk,WR,Nov 2: The Jaguars placed Kirk (collarbone) on injured reserve Saturday.,Injured Reserve
N/A,Patrick Murtagh,TE,"Aug 28: Murtagh (ankle) reverted to injured reserve Wednesday, NFL's official transaction log.",Injured Reserve
N/A,De'Shaan Dixon,DE,Aug 9: Dixon (knee) reverted to the injured reserve list with the Jaguars on Friday.,Injured Reserve
N/A,David White Jr.,WR,"Jun 6: White (knee) reverted to the Jaguars' injured reserve list Thursday, Aaron Wilson of KPRC 2 Houston reports.",Injured Reserve
N/A,N/A,N/A,N/A,N/A
N/A,Patrick Mahomes,QB,"Dec 15: Coach Andy Reid said after Sunday's 21-7 win at Cleveland that Mahomes' left ankle isn't broken but ""is sore,"" Sam McDowell of The Kansas City Star reports.",Questionable
N/A,Chamarri Conner,S,Dec 15: Conner (concussion) has been ruled out for the rest of Sunday's game against the Browns.,Questionable
N/A,Clyde Edwards-Helaire,RB,Dec 15: Edwards-Helaire is inactive for Sunday's game against the Browns.,Out
N/A,Marlon Tuipulotu,DT,,Out
N/A,Joshua Uche,LB,,Out
N/A,Malik Herring,DE,,Out
N/A,C.J. Hanson,G,,Out
N/A,Ethan Driskell,OT,,Out
N/A,D.J. Humphries,OT,Dec 15: Humphries (hamstring) has been downgraded to out for Sunday's matchup against the Browns.,Out
N/A,Hollywood Brown,WR,"Dec 13: The Chiefs are opening Brown's (shoulder) practice window Friday, Albert Breer of SI.com reports.",Injured Reserve
N/A,Mecole Hardman,WR,Dec 7: Hardman (knee) was placed on injured reserve Saturday.,Injured Reserve
N/A,Spencer Shrader,PK,Dec 4: The Chiefs placed Shrader (hamstring) on injured reserve Wednesday.,Injured Reserve
N/A,Peyton Hendershot,TE,"Nov 26: Kansas City placed Hendershot (calf) on its injured reserve list Tuesday, Pete Sweeney of ArrowheadPride.com reports.",Injured Reserve
N/A,Jared Wiley,TE,Nov 2: The Chiefs placed Wiley (knee) on injured reserve Saturday.,Injured Reserve
N/A,Jody Fortson,TE,"Oct 30: Fortson (knee, IR) suffered a torn ACL and meniscus in the Chiefs' Week 8 win over the Raiders last Sunday, Joe Schad of The Palm Beach Post reports.",Injured Reserve
N/A,Skyy Moore,WR,Oct 24: The Chiefs placed Moore on injured reserve Thursday due to a core-muscle injury.,Injured Reserve
N/A,Jaylen Watson,CB,Oct 22: The Chiefs placed Watson (lower leg) on injured reserve Tuesday.,Injured Reserve
N/A,Rashee Rice,WR,"Oct 8: Rice is expected to require four months to make a full recovery from the season-ending surgery he underwent Tuesday to repair the LCL in his right knee, Nate Taylor of The Athletic reports.",Injured Reserve
N/A,BJ Thompson,DE,Aug 28: Thompson (undisclosed) was moved to the reserve/non-football illness list Tuesday.,Out
N/A,McKade Mettauer,G,"Aug 20: Mettauer (knee) reverted to Kansas City's injured reserve list Tuesday, Aaron Wilson of KPRC 2 Houston reports.",Injured Reserve
N/A,N/A,N/A,N/A,N/A
N/A,Adam Butler,DT,"Dec 15: Butler (concussion) practiced in full Saturday but is questionable for Monday's Week 15 tilt against Atlanta, Paul Gutierrez of ESPN.com reports.",Questionable
N/A,Maxx Crosby,DE,"Dec 14: Crosby, who has been ruled out for Monday's game against the Falcons, revealed in an Instagram post Saturday that he expects to undergo season-ending arthroscopic surgery on his injured ankle.",Out
N/A,Sam Webb,CB,,Doubtful
N/A,Aidan O'Connell,QB,"Dec 14: O'Connell (knee) is listed as questionable for Monday's game against the Falcons, Paul Gutierrez of ESPN.com reports.",Questionable
N/A,Zamir White,RB,Dec 10: The Raiders placed White (quadriceps) on injured reserve Tuesday.,Injured Reserve
N/A,DJ Turner,WR,Dec 3: The Raiders placed Turner (knee) on injured reserve Tuesday.,Injured Reserve
N/A,Jakorian Bennett,CB,Nov 28: Bennett (shoulder) was placed on injured reserve by the Raiders on Thursday.,Injured Reserve
N/A,Gardner Minshew,QB,Nov 28: Minshew (collarbone) was placed on injured reserve Thursday.,Injured Reserve
N/A,Christian Wilkins,DT,Oct 9: Wilkins (foot) was placed on injured reserve Wednesday.,Injured Reserve
N/A,Luke Masterson,LB,Oct 5: The Raiders placed Masterson (knee) on injured reserve Saturday.,Injured Reserve
N/A,Marcus Epps,S,Sep 24: The Raiders placed Epps (knee) on injured reserve Tuesday.,Injured Reserve
N/A,Malcolm Koonce,DE,"Sep 20: Koonce will undergo season-ending knee surgery next week, Tashan Reed of The Athletic reports.",Injured Reserve
N/A,Jeff Foreman,WR,"Aug 22: Foreman (knee) reverted to the Raiders' injured reserve Thursday after clearing waivers, Aaron Wilson of KPRC 2 Houston reports.",Injured Reserve
N/A,Jake Johanning,G,"Jul 26: Johanning (undisclosed) reverted to the Raiders' IR on Friday, per the NFL's transaction log.",Injured Reserve
N/A,N/A,N/A,N/A,N/A
N/A,Denzel Perryman,LB,Dec 15: Perryman (groin) is inactive for Sunday's matchup with the Buccaneers.,Out
N/A,Easton Stick,QB,Dec 15: Stick (coach's decision) is inactive for Sunday's game against the Buccaneers.,Out
N/A,Jordan McFadden,G,,Out
N/A,Brenden Jaimes,G,,Out
N/A,Justin Eboigbe,DT,,Out
N/A,Will Dissly,TE,,Out
N/A,Jalen Reagor,WR,"Dec 14: The Chargers placed Reagor (finger) on injured reserve Saturday, Kris Rhim of ESPN.com reports.",Injured Reserve
N/A,Brenden Rice,WR,"Dec 11: Rice (shoulder) isn't likely to have his practice window opened this week, per Chargers coach Jim Harbaugh, Alex Insdorf of BoltBeat.com reports.",Injured Reserve
N/A,Simi Fehoko,WR,"Dec 11: Chargers coach Jim Harbaugh said Wednesday that he doesn't expect Fehoko's (elbow) practice window to open this week, Alex Insdorf of BoltBeat.com reports.",Injured Reserve
N/A,Alohi Gilman,S,Nov 30: The Chargers placed Gilman (hamstring) on injured reserve Saturday.,Injured Reserve
N/A,J.K. Dobbins,RB,"Nov 30: Dobbins (knee) was placed on injured reserve Saturday, Tom Pelissero of NFL Network reports.",Injured Reserve
N/A,Eli Apple,CB,Nov 27: The Chargers placed Apple (hamstring) on injured reserve Wednesday.,Injured Reserve
N/A,Asante Samuel Jr.,CB,"Nov 27: Speaking with the media Wednesday, coach Jim Harbaugh said the Chargers don't expect Samuel (shoulder) to play Sunday against the Falcons, Daniel Popper of The Athletic reports.",Injured Reserve
N/A,Hayden Hurst,TE,"Nov 25: The Chargers placed Hurst (hip) on injured reserve Monday, Aaron Wilson of KPRC 2 Houston reports.",Injured Reserve
N/A,Bucky Williams,C,Aug 28: Williams (undisclosed) was placed on injured reserve by the Chargers on Tuesday.,Injured Reserve
N/A,Chris Rumph II,LB,Aug 28: Rumph (foot) was placed on injured reserve by the Chargers on Tuesday.,Injured Reserve
N/A,Tyler McLellan,OT,Aug 28: McLellan (undisclosed) was placed on injured reserve by the Chargers on Tuesday.,Injured Reserve
N/A,Chris Collins,LB,Aug 28: Collins (undisclosed) was placed on injured reserve by the Chargers on Tuesday.,Injured Reserve
N/A,N/A,N/A,N/A,N/A
N/A,Nick Hampton,LB,"Dec 13: Hampton tore his pectoral Thursday against San Francisco and will need season-ending surgery, Stu Jackson of the Rams' official site reports.",Out
N/A,Tyler Higbee,TE,"Dec 13: Coach Sean McVay said Higbee (knee) is expected to make his season debut Sunday, Dec. 22 at the Jets, barring a setback in his recovery, Greg Beacham of the Associated Press reports.",Out
N/A,Cody Schrader,RB,,Out
N/A,Dylan McMahon,C,,Out
N/A,Warren McClendon Jr.,OT,,Out
N/A,Brennan Jackson,LB,,Out
N/A,Cobie Durant,CB,,Out
N/A,Stetson Bennett,QB,,Out
N/A,KT Leveston,G,Dec 11: Leveston (ankle) will remain on injured reserve for the remainder of the season.,Injured Reserve
N/A,Troy Reeder,LB,Oct 24: The Rams placed Reeder (hamstring) on injured reserve Thursday.,Injured Reserve
N/A,Larrell Murchison,DT,Oct 5: The Rams placed Murchison (foot) on injured reserve Saturday.,Injured Reserve
N/A,John Johnson III,S,Sep 18: Johnson (shoulder) was placed on injured reserve Wednesday.,Injured Reserve
N/A,Conor McDermott,OT,Aug 29: McDermott (undisclosed) was placed on injured reserve by the Rams on Wednesday.,Injured Reserve
N/A,Tre Tomlinson,CB,Aug 28: Tomlinson (undisclosed) was placed on injured reserve Tuesday.,Injured Reserve
N/A,Derion Kendrick,CB,Jul 26: The Rams placed Kendrick (knee) on their injured reserve list Friday.,Injured Reserve
N/A,N/A,N/A,N/A,N/A
N/A,Grant DuBose,WR,Dec 15: DuBose (head) has been ruled out for the rest of Sunday's game against the Texans.,Questionable
N/A,Jaylen Waddle,WR,Dec 15: Waddle exited Sunday's game against the Texans after sustaining a knee injury.,Questionable
N/A,Terron Armstead,OT,Dec 15: Armstead (knee) is inactive for Sunday's matchup with the Texans.,Out
N/A,Kendall Lamm,OT,Dec 15: Lamm (back) is inactive for Sunday's game against the Texans.,Out
N/A,Jeff Wilson Jr.,RB,Dec 15: Wilson (coach's decision) is inactive for Sunday's game against the Texans.,Out
N/A,Jack Stoll,TE,,Out
N/A,Dee Eskridge,WR,,Out
N/A,Neil Farrell,DT,,Out
N/A,Ethan Bonner,CB,,Out
N/A,Bradley Chubb,LB,"Dec 14: Chubb (knee) has been downgraded to out for Sunday's matchup versus Houston, Alain Poupart of SI.com reports.",Out
N/A,Braxton Berrios,WR,"Dec 12: The left knee injury that Berrios suffered in the Dolphins' Week 7 loss to the Colts was a torn ACL, Nick Pugliese of the Palm Beach Post reports.",Injured Reserve
N/A,Blake Ferguson,LS,"Dec 4: Ferguson (personal) was designated to return from the reserve/non-football illness list Wednesday, David Furones of the South Florida Sun Sentinel reports.",Out
N/A,Cam Smith,CB,Dec 4: Miami placed Smith (shoulder) on its injured reserve list Wednesday.,Injured Reserve
N/A,Cameron Goode,LB,"Dec 2: Goode (kneecap) was designated to return from injured reserve Monday, Aaron Wilson of KPRC 2 Houston reports.",Out
N/A,Tyus Bowser,LB,Nov 28: The Dolphins placed Bowser (knee) on injured reserve Thursday.,Injured Reserve
N/A,Tanner Conner,TE,Nov 13: Conner (knee) was placed on injured reserve Tuesday.,Injured Reserve
N/A,Austin Jackson,G,"Nov 12: Head coach Mike McDaniels told reporters Tuesday that Jackson will require season-ending knee surgery, Cameron Wolfe of NFL Network reports.",Injured Reserve
N/A,Jaelan Phillips,LB,Oct 3: Phillips (knee) was placed on injured reserve Thursday.,Injured Reserve
N/A,Anthony Schwartz,WR,Aug 25: Schwartz (knee) was placed on the Dolphins' reserve/injured list Sunday.,Injured Reserve
N/A,Cam Brown,LB,Aug 12: The Dolphins placed Brown (undisclosed) on the reserve/injured list Monday.,Injured Reserve
N/A,Grayson Murphy,LB,Aug 12: The Dolphins placed Murphy on the reserve/injured list Monday due to a knee injury.,Injured Reserve
N/A,Kion Smith,OT,"Aug 10: Smith suffered a torn ACL in Friday's 20-13 preseason victory over the Falcons, Aaron Wilson of KPRC 2 Houston reports.",Injured Reserve
N/A,Tahj Washington,WR,Jul 23: The Dolphins placed Washington (undisclosed) on the reserve/injured list Tuesday.,Injured Reserve
N/A,N/A,N/A,N/A,N/A
N/A,Stephon Gilmore,CB,Dec 14: Gilmore (hamstring) is officially questionable to suit up Monday against Chicago.,Questionable
N/A,Ivan Pace Jr.,LB,Nov 26: The Vikings placed Pace (hamstring) on injured reserve Tuesday.,Injured Reserve
N/A,J.J. McCarthy,QB,"Nov 13: McCarthy underwent a procedure on his right knee this week after an increase in his rehab work caused some swelling, Kevin Seifert of ESPN.com reports.",Injured Reserve
N/A,Christian Darrisaw,OT,"Nov 4: Head coach Kevin O'Connell told reporters that Darrisaw underwent surgery to repair a torn ACL and MCL in his left knee Monday, Alec Lewis of The Athletic reports.",Injured Reserve
N/A,Taki Taimani,DT,Nov 3: The Vikings placed Taimani (ankle) on injured reserve Saturday.,Injured Reserve
N/A,Jordan Kunaszyk,LB,"Aug 28: Kunaszyk (undisclosed) was placed on injured reserve Tuesday, Adam Caplan of SiriusXM NFL Radio reports.",Injured Reserve
N/A,Mekhi Blackmon,CB,Jul 25: The Vikings placed Blackmon (knee) on injured reserve Thursday.,Injured Reserve
N/A,N/A,N/A,N/A,N/A
N/A,Cole Strange,G,Dec 15: Strange (knee) was listed as inactive ahead of Sunday's game versus Arizona.,Out
N/A,Tyrese Robinson,G,,Out
N/A,Joe Milton III,QB,,Out
N/A,Marte Mapu,S,,Out
N/A,Javon Baker,WR,,Out
N/A,Jaquelin Roy,DT,Dec 13: The Patriots placed Roy (foot) on injured reserve Friday.,Injured Reserve
N/A,Caedan Wallace,OT,Dec 13: Wallace (ankle) has been ruled out ahead of Sunday's matchup against the Cardinals.,Injured Reserve
N/A,Jake Andrews,C,"Dec 9: Andrews (knee) is expected to be ready for the start of OTAs next offseason, Andrew Callahan of the Boston Herald reports.",Injured Reserve
N/A,Curtis Jacobs,LB,"Nov 19: The Patriots placed Jacobs (head) on injured reserve Tuesday,",Injured Reserve
N/A,David Andrews,C,"Oct 8: Andrews (shoulder) said Tuesday that he sustained a torn right rotator cuff in the Patriots' Week 4 loss to the 49ers and will miss the remainder of the season, Mike Kadlick of CLNSMedia.com reports.",Injured Reserve
N/A,Ja'Whaun Bentley,LB,Sep 25: Bentley (pectoral) was placed on injured reserve Wednesday.,Injured Reserve
N/A,Oshane Ximines,LB,Sep 18: The Patriots placed Ximines (knee) on injured reserve Wednesday.,Injured Reserve
N/A,JaQuae Jackson,WR,Aug 20: New England placed Jackson (knee) on its injured reserve list Tuesday.,Injured Reserve
N/A,Jalen Hurd,WR,Mar 8: reserve-ret,Reserve-Ret
N/A,N/A,N/A,N/A,N/A
N/A,Kool-Aid McKinstry,CB,Dec 15: McKinstry sustained a neck injury and is questionable to return to Sunday's game against the Commanders.,Questionable
N/A,Alvin Kamara,RB,Dec 15: Kamara sustained a groin injury during Sunday's contest against the Commanders.,Questionable
N/A,Tanoh Kpassagnon,DE,"Dec 15: Kpassagnon (Achilles) is inactive for Sunday's matchup with the Commanders, Matthew Paras of The New Orleans Times-Picayune reports.",Out
N/A,Derek Carr,QB,"Dec 15: Carr (hand/concussion) is listed as inactive Sunday against the Commanders, Matthew Paras of The New Orleans Times-Picayune reports.",Out
N/A,Mason Tipton,WR,,Out
N/A,Jordan Mims,RB,,Out
N/A,Khristian Boyd,DT,,Out
N/A,D'Marco Jackson,LB,"Dec 15: Jackson (ankle) was placed on injured reserve Saturday, Matthew Paras of The New Orleans Times-Picayune reports.",Injured Reserve
N/A,Bub Means,WR,"Dec 13: Means (ankle) has been ruled out ahead of Sunday's matchup against the Commanders, Mike Triplett of NewOrleans.Football reports.",Injured Reserve
N/A,Chris Olave,WR,"Dec 11: Saints interim head coach Darren Rizzi said Olave (concussion) isn't likely to return from injured reserve this week, but still has ""all options on the table,""  Luke Johnson of The New Orleans Times-Picayune reports.",Injured Reserve
N/A,Nick Saldiveri,OT,"Dec 7: The Saints placed Saldiveri (knee) on injured reserve Saturday, Ross Jackson of WWL Louisiana reports.",Injured Reserve
N/A,Taysom Hill,TE,Dec 6: The Saints placed Hill (knee) on injured reserve Friday.,Injured Reserve
N/A,Paulson Adebo,CB,Oct 22: The Saints placed Adebo (upper leg) on injured reserve Tuesday.,Injured Reserve
N/A,Rashid Shaheed,WR,"Oct 17: Shaheed underwent a full repair of his meniscus Thursday and will miss the rest of the season, Adam Schefter of ESPN reports.",Injured Reserve
N/A,Rejzohn Wright,CB,Aug 29: Wright (undisclosed) was placed on injured reserve by the Saints on Tuesday.,Injured Reserve
N/A,Camron Peterson,DT,Aug 28: Peterson (undisclosed) was placed on injured reserve by the Saints on Tuesday.,Injured Reserve
N/A,Justin Herron,OT,Jul 28: The Saints placed Herron on the injured reserve list Sunday due to a knee injury.,Injured Reserve
N/A,Ryan Ramczyk,OT,"Jul 18: The Saints placed Ramczyk (knee) on reserve/PUP Thursday, and he will miss the entirety of the 2024 season, Ian Rapoport of NFL Network reports.",Out
N/A,N/A,N/A,N/A,N/A
N/A,Tommy DeVito,QB,,Questionable
N/A,Patrick Johnson,LB,"Dec 15: Johnson exited Sunday's game against the Ravens due to a knee injury, Dan Salomone of the Giants' official site reports.",Questionable
N/A,Deonte Banks,CB,"Dec 15: Banks (ribs) is inactive for Sunday's Week 15 tilt against the Ravens, Dan Salomone of the Giants' official site reports.",Out
N/A,Cor'Dale Flott,CB,"Dec 15: Flott (quadriceps) is inactive for Sunday's battle against Baltimore, Dan Salomone of the Giants' official site reports.",Out
N/A,Drew Lock,QB,"Dec 15: Lock (heel/elbow) is inactive for Sunday's game against the Ravens as New York's emergency No. 3 quarterback, Dan Salomone of the Giants' official site reports.",Out
N/A,Dru Phillips,CB,,Out
N/A,Bobby Okereke,LB,,Out
N/A,Rakeem Nunez-Roches,DT,,Out
N/A,Jon Runyan,G,"Dec 15: Runyan (ankle) was moved to injured reserve Saturday, Dan Salomone of the Giants' official site reports.",Injured Reserve
N/A,Tyler Nubin,S,"Dec 12: Giants head coach Brian Daboll said Thursday that Nubin (ankle), who is already on season-ending IR, will ""probably"" require surgery to address his injury, Ryan Dunleavy of the New York Post reports.",Injured Reserve
N/A,Austin Schlottmann,C,"Dec 11: The Giants designated Schlottmann (lower leg) to return from injured reserve Wednesday, Dan Salomone of the team's official site reports.",Injured Reserve
N/A,Tre Hawkins III,CB,"Dec 10: Hawkins will not need surgery on his fractured lumbar spine, Dan Duggan of The Athletic reports.",Injured Reserve
N/A,D.J. Davidson,DT,"Dec 7: The Giants placed Davidson (shoulder) on injured reserve Saturday, Dan Salomone of the Giants' official site reports.",Injured Reserve
N/A,Dyontae Johnson,LB,"Dec 4: The Giants designated Johnson (ankle) for return to practice from their injured reserve list Wednesday, Dan Salomone of the Giants' official site reports.",Injured Reserve
N/A,Theo Johnson,TE,"Dec 4: Giants head coach Brian Daboll said that Johnson (foot) underwent surgery Tuesday to address a Lisfranc injury, Patricia Traina of SI.com reports.",Injured Reserve
N/A,Dexter Lawrence II,DT,"Dec 2: Lawrence (elbow) was placed on injured reserve Monday, Ian Rapoport of NFL Network reports.",Injured Reserve
N/A,Armon Watts,DT,"Nov 27: Watts (shoulder) was placed on injured reserve Wednesday, Dan Salomone of the Giants' official site reports.",Injured Reserve
N/A,Azeez Ojulari,LB,Nov 26: Ian Rapoport of NFL Network reported Tuesday that the Giants are planning on placing Ojulari (toe) on injured reserve.,Injured Reserve
N/A,Andrew Thomas,OT,Oct 16: Giants head coach Brian Daboll confirmed Wednesday that Thomas underwent season-ending surgery to address a foot injury sustained during the team's Week 6 loss to the Bengals.,Injured Reserve
N/A,Gunner Olszewski,WR,"Sep 14: The Giants placed Olszewski (groin) on injured reserve Saturday, Dan Salomone of the Giants' official site reports.",Injured Reserve
N/A,Jonathan Sutherland,S,"Aug 28: Sutherland (undisclosed) reverted to injured reserve with the Giants on Wednesday, per the NFL's official transaction log.",Injured Reserve
N/A,Timmy Horne,DT,"Aug 28: Horne (Achilles) reverted to injured reserve with the Giants on Wednesday, per the NFL's official transaction log.",Injured Reserve
N/A,Elijah Riley,S,"Aug 15: Riley (concussion) reverted to the Giants' injured reserve Thursday after going unclaimed on waivers, Aaron Wilson of KPRC 2 Houston reports.",Injured Reserve
N/A,N/A,N/A,N/A,N/A
N/A,Michael Carter II,CB,Dec 15: Carter exited Sunday's game against the Jaguars with a back injury.,Questionable
N/A,Jalen Mills,S,"Dec 15: Mills was ruled out for the remainder of Sunday's game against the Jaguars with a chest injury, Zack Rosenblatt of The Athletic reports.",Questionable
N/A,Braelon Allen,RB,Dec 15: Allen exited Sunday's game against the Jaguars after sustaining a back injury.,Questionable
N/A,Malachi Corley,WR,"Dec 15: Conley (coach's decision) is a healthy inactive for Sunday's game against the Jaguars, Randy Lange of the Jets' official site reports.",Out
N/A,Jaylin Simpson,S,,Out
N/A,D.J. Reed,CB,,Out
N/A,Xavier Newman,G,,Out
N/A,Braiden McGregor,DE,,Out
N/A,Brandin Echols,CB,,Out
N/A,Tyler Conklin,TE,,Out
N/A,Kene Nwangwu,RB,"Dec 15: The Jets placed Nwangwu (hand) on injured reserve Saturday, Ethan Greenberg and Eric Allen of the Jets' official site report.",Injured Reserve
N/A,Irvin Charles,WR,"Dec 11: The Jets placed Charles (knee) on injured reserve Wednesday, Ethan Greenberg of the team's official site reports.",Injured Reserve
N/A,C.J. Mosley,LB,Dec 7: The Jets placed Mosley (neck) on injured reserve Saturday.,Injured Reserve
N/A,Tyron Smith,OT,"Dec 1: The Jets placed Smith (neck) on injured reserve Saturday, Brian Costello of the New York Post reports.",Injured Reserve
N/A,Jordan Travis,QB,"Nov 27: Travis has dealt with setbacks in his recovery from the grisly ankle injury he sustained last season, Rich Cimini of ESPN.com reports.",Out
N/A,Leki Fotu,DT,"Oct 31: The Jets placed Fotu (knee) on injured reserve Thursday, Ethan Greenberg of the team's official site reports.",Injured Reserve
N/A,Greg Zuerlein,PK,Oct 30: The Jets placed Zuerlein (knee) on injured reserve Wednesday.,Injured Reserve
N/A,Jermaine Johnson,LB,Sep 19: The Jets placed Johnson (Achilles) on injured reserve Thursday.,Injured Reserve
N/A,Zaire Barnes,LB,Sep 9: The Jets placed Barnes (ankle) on injured reserve Monday.,Injured Reserve
N/A,Malik Taylor,WR,"Aug 18: The Jets placed Taylor on injured reserve with an undisclosed issue Sunday, Zack Rosenblatt of The Athletic reports.",Injured Reserve
N/A,Jimmy Ciarlo,LB,"Aug 12: Ciarlo (knee) reverted to the Jets' injured reserve list Monday, Aaron Wilson of KPRC 2 Houston reports.",Injured Reserve
N/A,Marcus Riley,WR,"Aug 3: Riley (undisclosed) reverted to the Jets' injured reserve Saturday after clearing waivers, Aaron Wilson of KPRC 2 Houston reports.",Injured Reserve
N/A,N/A,N/A,N/A,N/A
N/A,Sydney Brown,S,"Dec 15: Brown (head) has been ruled out for the remainder of Sunday's contest against the Steelers, Ralph Vacchiano of Fox Sports reports.",Questionable
N/A,Tanner McKee,QB,Dec 15: McKee (coach's decision) is inactive for Sunday's game against the Steelers.,Out
N/A,Eli Ricks,CB,,Out
N/A,Trevor Keegan,G,,Out
N/A,Darian Kinnard,OT,,Out
N/A,Nick Gates,C,,Out
N/A,Britain Covey,WR,,Out
N/A,Dallas Goedert,TE,Dec 7: Goedert (knee) was officially placed on injured reserve Saturday.,Injured Reserve
N/A,Ben VanSumeren,LB,Dec 1: The Eagles placed VanSumeren (knee) on injured reserve Saturday.,Injured Reserve
N/A,Brandon Graham,DE,Nov 26: The Eagles placed Graham (triceps) on injured reserve Tuesday.,Injured Reserve
N/A,Bryce Huff,DE,Nov 22: The Eagles placed Huff (wrist) on injured reserve Friday.,Injured Reserve
N/A,Byron Young,DT,Oct 25: The Eagles placed Young (hamstring) on injured reserve Friday.,Injured Reserve
N/A,James Bradberry IV,CB,Aug 29: Bradberry (lower leg) was placed on the Eagles' injured reserve Thursday.,Injured Reserve
N/A,Le'Raven Clark,OT,May 3: The Eagles placed Clark on injured reserve Friday.,Injured Reserve
N/A,N/A,N/A,N/A,N/A
N/A,Kyle Allen,QB,Dec 15: Allen (coach's decision) is inactive for Sunday's game against the Eagles.,Out
N/A,Cory Trice Jr.,CB,,Out
N/A,George Pickens,WR,,Out
N/A,Larry Ogunjobi,DT,,Out
N/A,DeShon Elliott,S,,Out
N/A,Calvin Anderson,OT,Dec 15: The Steelers placed Anderson (groin) on injured reserve Saturday.,Injured Reserve
N/A,C.J. Henderson,CB,"Nov 16: The Steelers placed Henderson (neck) on injured reserve Saturday, Brooke Pryor of ESPN.com reports.",Injured Reserve
N/A,Roman Wilson,WR,"Oct 28: The Steelers placed Wilson (hamstring) on injured reserve Monday, Brooke Pryor of ESPN.com reports.",Injured Reserve
N/A,DeMarvin Leal,DE,"Oct 12: Leal (neck) was placed on injured reserve Saturday, Teresa Varley of Pittsburgh's official site reports.",Injured Reserve
N/A,James Daniels,G,"Oct 1: The Steelers placed Daniels on injured reserve Tuesday due to an Achilles tear, Teresa Varley of the team's official site reports.",Injured Reserve
N/A,Troy Fautanu,OT,"Sep 22: Fautanu needs surgery to repair ligament damage to a dislocated kneecap and is out for the rest of the regular season, Ian Rapoport of NFL Network reports.",Injured Reserve
N/A,Cameron Johnston,P,"Sep 10: Johnston (knee) was placed on injured reserve Tuesday, Dale Lolley of the Steelers' official site reports.",Injured Reserve
N/A,Logan Lee,DT,"Sep 7: The Steelers placed Lee on injured reserve Saturday due to a calf injury, Brian Batko of the Pittsburgh Post-Gazette reports.",Injured Reserve
N/A,Cole Holcomb,LB,Aug 29: Holcomb (knee) was placed on the reserve/PUP list Tuesday.,Out
N/A,Ryan Watts,CB,"Aug 27: Pittsburgh placed Watts (undisclosed) on its injured reserve list Tuesday, Teresa Varley of the Steelers' official site reports.",Injured Reserve
N/A,Nate Herbig,G,Aug 20: Pittsburgh placed Herbig (shoulder) on the reserve/injured list Tuesday.,Injured Reserve
N/A,David Perales,LB,"Aug 2: Perales (knee) reverted to the Steelers' injured reserve Friday, per the NFL transaction log.",Injured Reserve
N/A,N/A,N/A,N/A,N/A
N/A,Dee Winters,LB,"Dec 13: Winters is day-to-day due to a neck issue, Lindsey Pallares of the 49ers' official site reports.",Questionable
N/A,Trent Williams,OT,"Dec 13: Head coach Kyle Shanahan told reporters Friday that Williams (ankle) is ""trying to get back"" and that his recovery has been ""a lot slower than anticipated,"" Nick Wagoner of ESPN.com reports.",Out
N/A,Dre Greenlaw,LB,"Dec 13: San Francisco head coach Kyle Shanahan said Friday that Greenlaw (Achilles/knee) ""checked out good"" after making his season debut during Thursday's 12-6 loss to the Rams, and that he's now dealing with soreness and is considered day-to-day, David Lombardi of SFStandard.com reports.",Questionable
N/A,Ji'Ayir Brown,S,"Dec 13: Brown (groin) is considered day-to-day after being injured in Thursday night's loss to the Rams, Lindsey Pallares of the 49ers' official site reports.",Questionable
N/A,Khalil Davis,DT,"Dec 12: Davis (knee) is inactive for Thursday Night Football against the Rams, Lindsey Pallares of the 49ers' official site reports.",Out
N/A,Israel Abanikanda,RB,"Dec 12: Abanikanda (coach's decision) is inactive for Thursday's matchup with the Rams, Lindsey Pallares of the 49ers' official site reports.",Out
N/A,Ben Bartch,G,"Dec 12: Bartch (ankle) was placed on injured reserve Thursday, Matt Barrows of The Athletic reports.",Injured Reserve
N/A,Joshua Dobbs,QB,"Dec 12: Dobbs (coach's decision) is inactive for Thursday night's game against the Rams, Nick Wagoner of ESPN.com reports.",Out
N/A,Rock Ya-Sin,CB,,Out
N/A,Malik Mustapha,S,,Out
N/A,George Odum,S,"Dec 7: The 49ers placed Odum (knee) on injured reserve Saturday, Matt Barrows of The Athletic reports.",Injured Reserve
N/A,Jordan Mason,RB,"Dec 7: Mason (ankle) was officially placed on injured reserve Saturday, Adam Schefter of ESPN reports.",Injured Reserve
N/A,Kevin Givens,DT,Dec 4: Givens (pectoral) was placed on injured reserve Wednesday.,Injured Reserve
N/A,Christian McCaffrey,RB,Dec 3: The 49ers placed McCaffrey (knee) on injured reserve Tuesday.,Injured Reserve
N/A,Jon Feliciano,G,"Nov 25: Feliciano (knee) will remain on injured reserve for the remainder of the season, Matt Barrows of The Athletic reports.",Injured Reserve
N/A,Tatum Bethune,LB,"Nov 24: The 49ers placed Bethune (knee) on injured reserve Saturday, Cam Inman of The San Jose Mercury News reports.",Injured Reserve
N/A,Darrell Luter Jr.,CB,"Nov 17: Luter (pelvis) was placed on the 49ers' injured reserve Saturday, Matt Barrows of The Athletic reports.",Injured Reserve
N/A,Mitch Wishnowsky,P,"Nov 17: The 49ers placed Wishnowsky (back) on injured reserve Saturday, Matt Barrows of The Athletic reports.",Injured Reserve
N/A,Brandon Aiyuk,WR,"Nov 15: Aiyuk had surgery to repair the ACL and other damage in is right knee earlier this week, David Lombardi of The San Francisco Standard reports.",Injured Reserve
N/A,Curtis Robinson,LB,"Sep 28: San Francisco placed Robinson (knee) on injured reserve Saturday, Nick Wagoner of ESPN.com reports.",Injured Reserve
N/A,Javon Hargrave,DT,"Sep 28: The 49ers placed Hargrave (triceps) on injured reserve Saturday, Nick Wagoner of ESPN.com reports.",Injured Reserve
N/A,Ambry Thomas,CB,"Aug 29: The 49ers placed Thomas (forearm) on injured reserve Wednesday, Nick Wagoner of ESPN.com reports.",Injured Reserve
N/A,Elijah Mitchell,RB,"Aug 28: Mitchell will have surgery on his hamstring after being placed on injured reserve Tuesday, Nick Wagoner of ESPN.com reports.",Injured Reserve
N/A,Drake Jackson,DE,"Aug 8: The 49ers placed Jackson on the reserve/PUP list with a knee injury Thursday and is expected to miss the 2024 season, Field Yates of ESPN reports.",Out
N/A,N/A,N/A,N/A,N/A
N/A,Artie Burns,CB,"Dec 15: Seattle activated Burns (toe) off injured reserve Saturday, but he remains doubtful to suit up Sunday against Green Bay, Bob Condotta of The Seattle Times reports.",Doubtful
N/A,Jerrick Reed II,S,"Dec 14: Reed (quadriceps) was placed on injured reserve Saturday, Bob Condotta of The Seattle Times reports.",Injured Reserve
N/A,K'Von Wallace,S,"Dec 13: Wallace (ankle) has been ruled out ahead of Sunday night's matchup against the Packers, John Boyle of the Seahawks' official site reports.",Injured Reserve
N/A,Brady Russell,TE,"Dec 13: Russell (foot) has been ruled out for Sunday's game against the Packers, Bob Condotta of The Seattle Times reports.",Out
N/A,Kenneth Walker III,RB,"Dec 13: Coach Mike Macdonald said Friday that Walker ""hasn't practiced yet (this week), so we listed him as doubtful"" for Sunday night's game against the Packers, John Boyle of the Seahawks' official site reports.",Doubtful
N/A,Tre Brown,CB,"Dec 13: Brown (hamstring) has been ruled out for Sunday's game against the Packers, Bob Condotta of The Seattle Times reports.",Out
N/A,Stone Forsythe,OT,Dec 6: Forsythe (hand) has been ruled out for Sunday's game against the Cardinals.,Injured Reserve
N/A,Anthony Bradford,G,"Nov 27: The Seahawks placed Bradford (ankle) on injured reserve Wednesday, John Boyle of the team's official site reports.",Injured Reserve
N/A,George Fant,OT,"Nov 13: The Seahawks placed Fant (knee) on injured reserve Wednesday, John Boyle of the team's official site reports.",Injured Reserve
N/A,Cameron Young,DT,"Nov 3: The Seahawks placed Young (knee) on injured reserve Saturday, John Boyle of the team's official site reports.",Injured Reserve
N/A,Joshua Onujiogu,LB,"Aug 7: Onujiogu (undisclosed) reverted to Seattle's injured reserve Wednesday after going unclaimed while on waivers, per the NFL's transaction log.",Injured Reserve
N/A,N/A,N/A,N/A,N/A
N/A,Antoine Winfield Jr.,S,,Out
N/A,Jose Ramirez,LB,,Out
N/A,Royce Newman,G,,Out
N/A,Mike Edwards,S,,Out
N/A,Devin Culp,TE,,Out
N/A,K.J. Britt,LB,,Out
N/A,Earnest Brown IV,DE,,Out
N/A,Markees Watts,LB,"Dec 13: Watts (knee) has been ruled out for Sunday's battle against the Chargers, Brianna Dix of the Buccaneers' official site reports.",Injured Reserve
N/A,Kameron Johnson,WR,"Dec 13: Johnson (ankle) has been ruled out for Sunday's contest against the Chargers, Brianna Dix of the Buccaneers' official site reports.",Injured Reserve
N/A,Troy Hill,CB,"Dec 6: Hill (foot/knee) was placed on injured reserve Friday, Jenna Laine of ESPN.com reports.",Injured Reserve
N/A,Jordan Whitehead,S,"Nov 29: Whitehead (pectoral) was placed on injured reserve Friday, Scott Smith of the Buccaneers' official site reports.",Injured Reserve
N/A,Chris Godwin,WR,"Oct 23: The Buccaneers placed Godwin (ankle) on injured reserve Wednesday, Scott Smith of the team's official site reports.",Injured Reserve
N/A,SirVocea Dennis,LB,"Oct 23: Coach Todd Bowles said Wednesday that Dennis (shoulder) won't be available again in 2024 unless the Buccaneers reach the playoffs, Rick Stroud of the Tampa Bay Times reports.",Injured Reserve
N/A,Cody Thompson,WR,,Out
N/A,Bryce Hall,CB,"Sep 10: The Buccaneers placed Hall (ankle) on injured reserve Tuesday, Jenna Laine of ESPN.com reports.",Injured Reserve
N/A,Chase Edmonds,RB,"Aug 27: Edmonds was placed on season-ending injured reserve Monday due to a knee injury, Greg Auman of Fox Sports reports.",Injured Reserve
N/A,Silas Dzansi,OT,"Aug 8: The Buccaneers placed Dzansi on injured reserve Thursday due to a knee injury, Scott Smith of the team's official site reports.",Injured Reserve
N/A,Sua Opeta,G,"Aug 2: Tampa Bay placed Opeta on injured reserve Friday due to his torn ACL, Rick Stroud of the Tampa Bay Times reports.",Injured Reserve
N/A,N/A,N/A,N/A,N/A
N/A,Luke Gifford,LB,"Dec 15: Gifford (concussion) has been ruled out for the remainder of Sunday's matchup versus the Titans, Paul Kuharsky of PaulKuharsky.com reports.",Questionable
N/A,Jerome Baker,LB,Dec 15: Baker (coach's decision) is inactive Sunday versus Cincinnati.,Out
N/A,Otis Reese IV,LB,Dec 15: Reese is inactive for Sunday's clash against Cincinnati due to an ankle injury.,Out
N/A,Roger McCreary,CB,Dec 15: McCreary (shoulder) is inactive for Sunday's game against Cincinnati.,Out
N/A,Joshua Kelley,RB,,Out
N/A,Jha'Quan Jackson,WR,,Out
N/A,Tre Avery,CB,,Out
N/A,Andrew Rupcich,OT,"Dec 12: The Titans placed Rupcich (tricep) on injured reserve Nov. 2, Jim Wyatt of the team's official site reports.",Injured Reserve
N/A,Logan Bruss,G,"Dec 7: The Titans placed Bruss (knee - ACL) on injured reserve Saturday, Jim Wyatt of the team's official site reports.",Injured Reserve
N/A,Jaelyn Duncan,OT,"Dec 6: Duncan (hamstring) has been ruled out ahead of Sunday's matchup against the Jaguars, Jim Wyatt of the Titans' official site reports.",Injured Reserve
N/A,Treylon Burks,WR,"Dec 4: Head coach Brian Callahan said Wednesday that Burks won't return from injured reserve this season after undergoing surgery to address ACL damage, Jim Wyatt of the Titans' official site reports.",Injured Reserve
N/A,Jack Gibbens,LB,"Nov 23: Tennessee placed Gibbens (ankle) on injured reserve Saturday, Jim Wyatt of the Titans' official site reports.",Injured Reserve
N/A,L'Jarius Sneed,CB,"Nov 23: Tennessee placed Sneed (quadriceps) on injured reserve Saturday, Jim Wyatt of the Titans' official site reports.",Injured Reserve
N/A,Lloyd Cushenberry III,C,"Nov 6: Cushenberry (Achilles) was placed on injured reserve Wednesday, Jim Wyatt of the Titans' official site reports.",Injured Reserve
N/A,Quandre Diggs,S,"Nov 6: Diggs (foot) was placed on injured reserve Wednesday, Jim Wyatt of the Titans' official site reports.",Injured Reserve
N/A,Colton Dowell,WR,"Oct 23: Dowell (knee) will remain on the reserve/PUP list for Week 8, Jim Wyatt of the Titans' official site reports.",Out
N/A,TK McLendon Jr.,DE,Aug 28: McLendon (toe) was placed on injured reserve Tuesday.,Injured Reserve
N/A,Chance Campbell,LB,Aug 28: Campbell (knee) was placed on IR on Tuesday.,Injured Reserve
N/A,Garret Wallow,LB,"Aug 20: The Titans placed Wallow (pectoral) on the reserve/injured list Tuesday, Jim Wyatt of the team's official site reports.",Injured Reserve
N/A,Marlon Davidson,DT,"Aug 16: Davidson (biceps) was placed on injured reserve Friday, Jim Wyatt of the Titans' official site reports.",Injured Reserve
N/A,N/A,N/A,N/A,N/A
N/A,Jeremy Chinn,S,Dec 15: Chinn is being evaluated for a concussion and is questionable to return to Sunday's game against the Saints.,Questionable
N/A,Zach Ertz,TE,Dec 15: Ertz won't return to Sunday's game in New Orleans due to a concussion.,Questionable
N/A,Tyler Biadasz,C,Dec 15: Biadasz (illness) is inactive for Sunday's game in New Orleans.,Out
N/A,Jeff Driskel,QB,Dec 15: Driskel (coach's decision) is inactive for Sunday's game against the Saints.,Out
N/A,K.J. Osborn,WR,Dec 15: Osborn (coach's decision) is inactive for Sunday's game against the Saints.,Out
N/A,Zane Gonzalez,PK,Dec 15: Gonzalez (left foot) is listed as inactive Sunday at New Orleans.,Out
N/A,Phidarian Mathis,DT,,Out
N/A,Dominique Hampton,S,,Out
N/A,Michael Davis,CB,,Out
N/A,Noah Brown,WR,"Dec 14: Brown (kidney) was placed on injured reserve Saturday, Ben Standig of The Athletic reports.",Injured Reserve
N/A,Austin Ekeler,RB,"Dec 3: Ekeler said Tuesday that he's still dealing with concussion symptoms and neck pain, and he remains in the league's concussion protocol, Ben Standig of The Athletic reports.",Injured Reserve
N/A,Austin Seibert,PK,"Nov 27: Commanders head coach Dan Quinn said Seibert was placed on injured reserve Tuesday due to a groin injury, Nicki Jhabvala of The Washington Post reports.",Injured Reserve
N/A,Colson Yankoff,TE,Nov 9: Yankoff (hamstring) was placed on injured reserve by the Commanders on Saturday.,Injured Reserve
N/A,Jonathan Allen,DT,Oct 16: The Commanders placed Allen (pectoral) on injured reserve Wednesday.,Injured Reserve
N/A,Norell Pollard,DT,"Aug 28: Pollard (undisclosed) was placed on injured reserve by the Commanders on Tuesday, Zach Selby of the team's official website reports.",Injured Reserve
