Name,Height,Weight,Reach,Stance,Wins,Losses,Draws
Aaron,,--,155 lbs.,--,,5,3
Abbadi,The Assassin,"5' 11""",155 lbs.,--,Orthodox,4,6
Abbasov,Bayraktar,"5' 8""",155 lbs.,"66.0""",Orthodox,28,4
Abbott,Tank,"6' 0""",265 lbs.,--,Switch,10,15
Abdelwahab,The Hammer,"6' 2""",264 lbs.,"72.0""",Southpaw,5,0
Abdul-Malik,,"6' 2""",185 lbs.,"79.0""",Orthodox,7,0
Abdurakhimov,Abrek,"6' 3""",235 lbs.,"76.0""",Orthodox,20,8
Abe,Abe Ani,"5' 6""",145 lbs.,--,Orthodox,8,15
Abe,,"5' 11""",170 lbs.,"71.0""",Orthodox,6,2
Abedi,Makambo,"5' 11""",185 lbs.,--,Southpaw,10,4
Abreu,Demente,"5' 11""",185 lbs.,--,Orthodox,5,1
Abreu,White Bear,"6' 0""",205 lbs.,"74.0""",Orthodox,15,4
Abreu,,--,--,--,,0,0
Acacio,,"5' 8""",180 lbs.,--,Orthodox,30,18
Adajar,The Outlaw,"5' 9""",170 lbs.,"75.0""",Orthodox,6,2
Adams,,"6' 0""",225 lbs.,--,Southpaw,8,1
Adams,The Kraken,"6' 5""",265 lbs.,"80.0""",Orthodox,5,3
Adams,Sugafoot,"6' 1""",185 lbs.,"76.0""",Orthodox,8,2
Adashev,The Lion,"5' 5""",125 lbs.,"65.0""",Southpaw,4,4
Adesanya,The Last Stylebender,"6' 4""",185 lbs.,"80.0""",Switch,24,4
Adkins,The Experience,"6' 3""",225 lbs.,--,Orthodox,7,20
Ado,,"5' 11""",170 lbs.,"76.0""",Switch,5,1
Agallar,,"5' 8""",155 lbs.,--,Orthodox,24,6
Agapova,Money Mashka,"5' 6""",125 lbs.,"68.0""",Southpaw,10,5
Agasa,Kannadiga,--,135 lbs.,--,,12,3
Backstrom,,"6' 1""",145 lbs.,--,Orthodox,11,3
Baczynski,The Polish Pistola,"6' 3""",170 lbs.,"75.0""",Orthodox,20,14
Badakhshi,The Afghan Lion,--,145 lbs.,--,,13,3
Bader,Darth,"6' 2""",205 lbs.,"74.0""",Orthodox,23,5
Badurek,,"5' 5""",115 lbs.,--,Orthodox,6,3
Baeza,Caramel Thunder,"6' 2""",170 lbs.,"74.0""",Orthodox,10,4
Bagautinov,Puncher,"5' 4""",125 lbs.,"65.0""",Orthodox,15,6
Baghdad,The Sultan,"6' 1""",155 lbs.,--,Orthodox,11,5
Baghdasaryan,The Gun,"5' 9""",145 lbs.,"70.0""",Southpaw,8,2
Bahadurzada,The Great,"5' 11""",170 lbs.,"73.0""",Orthodox,24,8
Bahamondes,La Jaula,"6' 3""",155 lbs.,"75.0""",Orthodox,16,5
Batebolati,Lion King,"5' 8""",170 lbs.,"71.0""",Southpaw,10,1
Bailey,,"5' 9""",155 lbs.,"75.0""",Southpaw,16,11
Bailey,,"5' 9""",145 lbs.,--,,6,3
Baker,,"6' 0""",210 lbs.,--,,1,1
Baker,The Beast,"6' 3""",185 lbs.,--,Orthodox,18,5
Bala,,"5' 9""",155 lbs.,--,,23,3
Balajin,The Snow Leopard,"5' 9""",145 lbs.,"72.0""",Orthodox,23,4
Bamgbose,Holy War Angel,"5' 11""",185 lbs.,"78.0""",Switch,6,4
Banaszak,,"6' 0""",145 lbs.,--,,5,5
Bandel,Bomba,"5' 10""",155 lbs.,--,Orthodox,15,7
Bandenay,,"5' 11""",145 lbs.,"71.0""",Southpaw,14,7
Bang,Supernatural,"5' 9""",155 lbs.,"71.0""",Switch,18,10
Banks,,--,--,--,,2,1
Bannon,Mama B,"5' 5""",115 lbs.,"65.0""",Switch,6,1
Cabral,,"5' 11""",155 lbs.,"73.0""",Orthodox,13,3
Cacdac,,"5' 6""",125 lbs.,--,Orthodox,18,13
Caceres,Bruce Leeroy,"5' 10""",145 lbs.,"73.0""",Southpaw,21,15
Cachero,The Anomaly,"5' 6""",145 lbs.,"68.0""",Orthodox,7,4
Cachoeira,Zombie Girl,"5' 7""",125 lbs.,"65.0""",Orthodox,12,6
Calanoc,The Dark Knight,"5' 8""",145 lbs.,--,Orthodox,5,1
Calatayud,,"5' 9""",125 lbs.,--,,16,2
Calderon,Chief,"5' 11""",145 lbs.,"71.0""",Southpaw,6,3
Caldwell,The Wolf,"5' 10""",135 lbs.,--,,10,1
Caliari,,"5' 3""",125 lbs.,"62.0""",Orthodox,8,2
Callens,,"5' 10""",155 lbs.,--,,6,0
Calvillo,,"5' 4""",115 lbs.,"64.0""",Orthodox,9,6
Camacho,,"5' 9""",155 lbs.,--,Orthodox,13,19
Camacho,The Crank,"5' 10""",155 lbs.,"73.0""",Orthodox,22,10
Camacho,,"6' 4""",265 lbs.,"80.0""",Orthodox,6,1
Camoes,Morango,"5' 10""",155 lbs.,"71.0""",Orthodox,14,9
Camozzi,,"6' 2""",185 lbs.,"75.0""",Orthodox,24,13
Camozzi,Mantis,"6' 2""",170 lbs.,"78.0""",Orthodox,7,5
Camp,2 Slick,"5' 7""",135 lbs.,--,,11,4
Campbell,The Beast,"5' 9""",155 lbs.,--,Southpaw,13,4
Campbell,,--,--,--,,3,3
Campbell,Shaolin,"6' 0""",155 lbs.,"71.0""",Orthodox,14,6
Campbell,The Cannibal,"6' 0""",155 lbs.,"72.0""",Orthodox,9,2
Campetella,,"5' 9""",235 lbs.,--,Orthodox,0,1
Campos,Galeto,"5' 6""",145 lbs.,--,Southpaw,12,10
D'alelio,The Monster,"5' 7""",145 lbs.,--,,11,7
da Matta,Parrumpinha,"5' 4""",145 lbs.,--,,11,3
da Silva,Frankenstein,"6' 3""",205 lbs.,"76.0""",Orthodox,14,5
da Silva,Queen of Violence,"5' 6""",125 lbs.,"67.0""",Orthodox,17,10
Da Silva,Leko,"5' 8""",155 lbs.,"73.0""",Orthodox,21,4
Da Silva Lopes,Montanha,"6' 3""",240 lbs.,--,,5,2
Dalby,Danish Dynamite,"5' 11""",170 lbs.,"74.0""",Orthodox,23,5
Daley,Semtex,"5' 9""",170 lbs.,"76.0""",Orthodox,39,15
Dalgliesh,,"6' 2""",205 lbs.,--,Orthodox,30,19
Dalton,,"6' 1""",205 lbs.,--,Orthodox,4,3
Daly,Ais the Bash,"5' 2""",115 lbs.,"64.0""",Orthodox,16,6
Damiani,,"6' 0""",170 lbs.,--,,0,2
Damiani,Puppy,"5' 10""",170 lbs.,"69.0""",Orthodox,10,3
Damm,,"5' 7""",155 lbs.,"71.0""",Orthodox,13,9
Damm,Beauty But the Beast,"5' 4""",135 lbs.,--,,2,13
Danaa,Storm,"5' 7""",135 lbs.,"70.0""",Orthodox,12,5
Dandois,Battlecat,"5' 7""",135 lbs.,--,Orthodox,8,3
Danesoe,The Asian Viking,"5' 9""",125 lbs.,"68.0""",Orthodox,6,3
Danho,Man Mountain,"6' 3""",265 lbs.,"74.0""",Orthodox,7,1
Daniels,,"6' 2""",185 lbs.,--,Southpaw,0,1
Daniels,,--,155 lbs.,--,,5,5
Daniyalbekov,,--,185 lbs.,--,,8,0
Dantas,Cafe,"6' 2""",238 lbs.,--,Orthodox,0,3
Dantas,Dudu,"5' 10""",135 lbs.,--,,20,4
Danzig,,"5' 8""",155 lbs.,"70.0""",Orthodox,21,12
Earwood,,"5' 8""",170 lbs.,--,Orthodox,12,3
East,The Freight Train,"6' 3""",245 lbs.,--,Orthodox,12,3
Eastman,The Beastman,"5' 9""",185 lbs.,"73.0""",Orthodox,18,15
Easton,The Hulk,"5' 6""",135 lbs.,"70.0""",Southpaw,13,6
Eazel,,"5' 7""",135 lbs.,--,,7,15
Eazelle,The Real Deal,"5' 11""",155 lbs.,--,,9,2
Ebanez,The Boss,"5' 9""",154 lbs.,--,Southpaw,20,10
Ebersole,Bad Boy,"6' 0""",170 lbs.,"73.0""",Southpaw,51,18
Echeverria,The Unbroken,"5' 5""",125 lbs.,"67.0""",Switch,7,1
Eddiva,,"5' 8""",145 lbs.,"68.0""",Orthodox,6,3
Edgar,The Answer,"5' 6""",135 lbs.,"68.0""",Orthodox,23,11
Edilov,,"6' 2""",205 lbs.,--,Orthodox,17,4
Eduardo,,"5' 7""",135 lbs.,"71.0""",Orthodox,28,13
Edwards,,"5' 9""",155 lbs.,"73.0""",Southpaw,42,22
Edwards,Fast Eddy,"5' 10""",155 lbs.,"70.0""",Orthodox,9,5
Edwards,Rocky,"6' 2""",170 lbs.,"74.0""",Southpaw,22,4
Edwards,,"5' 8""",155 lbs.,"72.0""",Orthodox,6,3
Edwards,,--,145 lbs.,--,,4,1
Edwards,La Pantera,"5' 8""",135 lbs.,"70.0""",Orthodox,14,6
Egan,,"5' 11""",170 lbs.,--,Orthodox,7,5
Egger,,"5' 6""",135 lbs.,"68.0""",Orthodox,8,5
Eilers,The Hammer,"6' 1""",235 lbs.,--,Orthodox,19,7
Einemo,The Viking,"6' 6""",253 lbs.,--,Orthodox,6,3
Eklund,,"5' 10""",155 lbs.,"72.0""",Orthodox,14,5
Elam,,--,--,--,,2,0
Faaloloto,,--,155 lbs.,"70.0""",Orthodox,2,5
Faber,The California Kid,"5' 6""",135 lbs.,"67.0""",Orthodox,35,11
Fabian,,"5' 6""",125 lbs.,"66.0""",Orthodox,4,4
Fabiano,The Silencer,"5' 6""",145 lbs.,"69.0""",Southpaw,16,4
Fabinski,The Butcher,"6' 0""",170 lbs.,"75.0""",Orthodox,15,5
Faircloth,,"5' 9""",205 lbs.,--,Orthodox,33,20
Fairn,,"6' 1""",230 lbs.,--,,4,5
Fairn,Infinite,"5' 8""",135 lbs.,"72.0""",Orthodox,6,6
Fakhretdinov,Gladiator,"6' 0""",170 lbs.,"74.0""",Orthodox,23,1
Falcao,Big Rig,"5' 11""",185 lbs.,--,Orthodox,37,10
Falcao,Pedrinho,"5' 6""",135 lbs.,"66.0""",Orthodox,16,4
Farber,,"6' 1""",170 lbs.,--,Orthodox,16,7
Faria,,"5' 9""",155 lbs.,--,,1,1
Faria,,"5' 7""",125 lbs.,--,Switch,18,8
Farias,Chosen,"6' 1""",145 lbs.,"76.0""",Orthodox,10,1
Farrar,,"5' 9""",145 lbs.,--,Southpaw,8,3
Farrington,The Triggerman,"6' 4""",170 lbs.,"79.0""",Southpaw,7,3
Faszholz,,"5' 8""",135 lbs.,--,Orthodox,4,2
Faverus,,"6' 0""",215 lbs.,--,Southpaw,25,20
Felder,The Irish Dragon,"5' 11""",155 lbs.,"70.0""",Orthodox,17,6
Felipe,Boi,"6' 0""",245 lbs.,"75.0""",Orthodox,11,2
Felty,,--,170 lbs.,--,,4,5
Pengchao,,--,135 lbs.,--,,15,9
Xiaocan,,"5' 7""",115 lbs.,"66.0""",Southpaw,10,3
Ferguson,Kimbo Slice,"6' 2""",235 lbs.,"77.0""",Orthodox,5,2
Gabert,,--,178 lbs.,--,,6,4
Gabriel,,"5' 6""",125 lbs.,--,Orthodox,13,1
Gadelha,Claudinha,"5' 4""",115 lbs.,"63.0""",Orthodox,18,5
Gadjiev,,"6' 2""",185 lbs.,--,Orthodox,18,13
Gadzhiyasulov,,"6' 2""",205 lbs.,"75.0""",Orthodox,9,0
Gaethje,The Highlight,"5' 11""",155 lbs.,"70.0""",Orthodox,25,5
Gaff,The German Tank,"5' 5""",135 lbs.,--,Orthodox,9,7
Gafurov,Tajik,"5' 7""",135 lbs.,"68.0""",Southpaw,19,6
Gagnon,,"5' 5""",135 lbs.,"65.0""",Southpaw,12,5
Gaines,,"6' 3""",185 lbs.,--,,5,21
Galbraith,The Gladiator,"6' 0""",170 lbs.,--,Orthodox,18,7
Galera,Scarecrow,"5' 11""",135 lbs.,--,Orthodox,5,1
Galesic,Benkei,"6' 2""",185 lbs.,--,Orthodox,11,9
Gall,,"6' 2""",170 lbs.,"74.0""",Switch,7,7
Gallemore,Big Kansas,"6' 5""",265 lbs.,--,,7,3
Gallicchio,Da Tank,"5' 10""",170 lbs.,--,Southpaw,19,10
Galloway,,"5' 3""",145 lbs.,--,,8,6
Galvan,,--,155 lbs.,--,,0,0
Galvao,,"5' 7""",168 lbs.,--,Orthodox,5,2
Galvao,Loro,"5' 7""",135 lbs.,--,Orthodox,18,8
Gamaza,,--,170 lbs.,--,,8,4
Gambino,The Raging Warrior,"5' 7""",145 lbs.,--,Orthodox,9,2
Gamburyan,The Anvil,"5' 5""",135 lbs.,"67.0""",Orthodox,15,10
Gamrot,Gamer,"5' 10""",155 lbs.,"70.0""",Southpaw,24,3
Gamzatov,,"6' 2""",205 lbs.,"76.0""",Orthodox,14,1
Hackett,Hammer,"5' 4""",125 lbs.,"66.0""",Switch,3,1
Hackney,The Giant Killer,"5' 11""",200 lbs.,--,Sideways,2,2
Haddon,,"5' 7""",135 lbs.,"69.0""",Orthodox,8,1
Hadley,White Kong,"5' 7""",135 lbs.,"70.0""",Southpaw,11,4
Hadsel,,"5' 8""",170 lbs.,--,,3,0
Hadzovic,The Bosnian Bomber,"5' 9""",155 lbs.,"70.0""",Orthodox,14,7
Hafez,The Habibi,"5' 11""",170 lbs.,"72.0""",Orthodox,9,4
Hague,The Trashing Machine,"6' 4""",260 lbs.,"76.0""",Orthodox,21,13
Hajeh,Yazzle Dazzle,"5' 9""",145 lbs.,--,Orthodox,6,1
Hale,The Skuller,"6' 0""",--,--,,5,3
Haley,The North Woods Nightmare,"6' 2""",205 lbs.,--,,6,4
Hall,,"6' 0""",190 lbs.,--,Orthodox,5,6
Hall,Prime Time,"6' 0""",185 lbs.,"79.0""",Orthodox,18,11
Hall,The Wizard,"5' 10""",145 lbs.,"70.0""",Southpaw,9,2
Hallman,Superman,"5' 9""",155 lbs.,"72.0""",Orthodox,53,20
Hallmann,Pletwal,"5' 9""",155 lbs.,"71.0""",Orthodox,18,6
Halme,,"6' 3""",300 lbs.,--,Orthodox,0,4
Halsey,Bull,"6' 0""",185 lbs.,--,,9,3
Halverson,The Hurricane,"5' 9""",155 lbs.,--,Southpaw,16,8
Ham,,"5' 2""",115 lbs.,"62.0""",Southpaw,17,8
Hamaker,,--,--,--,,1,0
Hamanaka,,"6' 0""",185 lbs.,--,Southpaw,5,7
Hamed,,"6' 1""",170 lbs.,"71.0""",Orthodox,13,3
Hamill,The Hammer,"6' 1""",205 lbs.,"76.0""",Orthodox,12,8
Hamilton,Hawk,--,185 lbs.,--,,9,2
Iaquinta,Raging,"5' 10""",155 lbs.,"70.0""",Orthodox,14,7
Ibragimov,,"6' 3""",205 lbs.,"78.0""",Orthodox,8,4
Ichihara,,"5' 7""",178 lbs.,--,Orthodox,0,1
Ige,50K,"5' 7""",145 lbs.,"71.0""",Orthodox,18,9
Ignatov,,"5' 9""",170 lbs.,--,Orthodox,1,2
Ignatov,,"5' 9""",210 lbs.,--,Orthodox,0,1
Iha,,"5' 8""",155 lbs.,--,Orthodox,9,5
Ikemoto,,"5' 11""",168 lbs.,--,Orthodox,21,19
Iloukhine,,"5' 9""",205 lbs.,--,Orthodox,30,11
Imadaev,,"6' 0""",170 lbs.,"76.0""",Orthodox,8,3
Imamura,,"5' 8""",220 lbs.,--,Orthodox,2,6
Imanari,,"5' 4""",139 lbs.,--,Southpaw,36,16
Imavov,The Sniper,"6' 3""",185 lbs.,"75.0""",Orthodox,15,4
Imes,Hillbilly Heartthrob,"6' 7""",265 lbs.,--,Orthodox,13,7
Imperato,,"5' 7""",135 lbs.,"66.0""",Switch,12,7
Indich,,"5' 10""",170 lbs.,--,,6,4
Inman,,--,--,--,,1,0
Inocente,,"6' 3""",205 lbs.,--,Orthodox,7,4
Inoue,Yamato Damashii,"5' 10""",210 lbs.,--,Orthodox,12,8
Inoue,,"5' 9""",190 lbs.,--,Southpaw,13,8
Inoue,,"5' 9""",168 lbs.,--,Southpaw,19,9
Inoue,Lion,"5' 8""",145 lbs.,--,,23,10
Inoue,,"5' 9""",125 lbs.,"71.0""",Orthodox,11,1
Interiano,,"6' 1""",205 lbs.,--,,4,3
Ireland,The Irish Tornado,"5' 9""",161 lbs.,--,Southpaw,19,9
Jabouin,Tiger,"5' 7""",135 lbs.,"68.0""",Orthodox,20,11
Jackson,,"5' 10""",199 lbs.,--,Switch,4,2
Jackson,The Wolf,"5' 8""",185 lbs.,--,Orthodox,15,9
Jackson,Rampage,"6' 1""",205 lbs.,"73.0""",Orthodox,37,12
Jackson,Scorpion,"5' 10""",170 lbs.,--,Orthodox,9,5
Jackson,The Leech,"5' 11""",155 lbs.,"71.0""",Switch,23,8
Jackson,,"6' 0""",185 lbs.,--,,4,3
Jackson,The Truth,"6' 2""",170 lbs.,"74.0""",Orthodox,1,2
Jackson,Jah-Son,"6' 1""",170 lbs.,"78.0""",Orthodox,7,2
Jackson,Quik,"5' 10""",135 lbs.,"75.0""",Southpaw,14,2
Jacob,,--,155 lbs.,--,,1,9
Jacobi,,"6' 4""",260 lbs.,"75.0""",Orthodox,6,1
Jacoby,The Hanyak,"6' 3""",205 lbs.,"76.0""",Orthodox,20,9
James,,"5' 10""",155 lbs.,--,Orthodox,13,7
James,,"6' 0""",185 lbs.,--,,14,8
Jandiroba,Carcara,"5' 3""",115 lbs.,"64.0""",Orthodox,21,3
Janes,,"6' 3""",185 lbs.,"76.0""",Orthodox,10,3
Janousek,,"5' 11""",185 lbs.,--,Orthodox,8,1
Jansen,,"5' 9""",155 lbs.,"73.0""",Orthodox,20,4
Jara,El Cucui,"6' 1""",205 lbs.,--,Southpaw,38,18
Jara,The Little Animal,"5' 9""",145 lbs.,--,,6,9
Jardine,The Dean of Mean,"6' 2""",185 lbs.,"76.0""",Orthodox,17,11
Jardine,The Machine,"5' 11""",170 lbs.,--,Orthodox,12,6
Jarvis,,--,--,--,,1,4
Jason,,"5' 7""",145 lbs.,"73.0""",Orthodox,14,7
Kaase,Kamikaze,"5' 9""",185 lbs.,--,,1,2
Kagan,,"5' 3""",115 lbs.,--,,3,3
Kahlon,,"5' 8""",135 lbs.,"70.0""",Orthodox,16,1
Kaiwen,The Underdog,"5' 9""",145 lbs.,"72.0""",Switch,12,6
Kakai,Zohan,"5' 5""",135 lbs.,--,Orthodox,12,5
Kakhramonov,,"5' 8""",135 lbs.,"69.0""",Orthodox,10,3
Kalman,,"6' 1""",200 lbs.,--,,4,9
Kamaka,,"5' 11""",170 lbs.,--,Orthodox,12,20
Kamaka,The Fighting Hawaiian,"5' 7""",145 lbs.,"69.0""",Orthodox,8,4
Kamikubo,Stealth,"5' 5""",135 lbs.,"68.0""",Switch,13,2
Kampmann,The Hitman,"6' 0""",170 lbs.,"72.0""",Orthodox,20,7
Kanda,Bushido,"5' 9""",145 lbs.,"75.0""",Southpaw,12,5
Kandare,Daring,"5' 7""",135 lbs.,"72.0""",Orthodox,5,3
Kanehara,,"5' 10""",200 lbs.,--,Orthodox,19,27
Kanehara,,"5' 7""",135 lbs.,"67.0""",Orthodox,26,12
Kaneko,,"6' 0""",161 lbs.,--,Orthodox,0,3
Kang,,"5' 11""",185 lbs.,"77.0""",Orthodox,35,16
Kang,Mr. Perfect,"5' 9""",135 lbs.,"73.0""",Orthodox,19,11
Kape,StarBoy,"5' 5""",125 lbs.,"68.0""",Southpaw,20,7
Kaplan,Diamond,"5' 7""",155 lbs.,--,Orthodox,3,4
Kara-France,Don't Blink,"5' 4""",125 lbs.,"69.0""",Orthodox,25,11
Karakhanyan,Insane,"5' 8""",145 lbs.,--,,26,7
Karalexis,The Assassin,"5' 8""",155 lbs.,"66.0""",Orthodox,10,6
Kareckaite,Heavy-Handed,"5' 9""",125 lbs.,"71.0""",Orthodox,5,1
Kasanganay,Tshilobo,"5' 11""",170 lbs.,"75.0""",Orthodox,9,2
Labasanov,,"6' 3""",215 lbs.,--,Orthodox,7,4
LaBerge,,"5' 10""",145 lbs.,--,,11,6
Labiano,The Kid,"5' 10""",135 lbs.,--,,11,5
Lacerda,Miojo,"5' 6""",125 lbs.,"70.0""",Switch,11,6
Lacerda,,"5' 7""",135 lbs.,"71.0""",Orthodox,12,3
Lachinov,,--,170 lbs.,--,,3,2
Ladd,,"5' 6""",135 lbs.,"66.0""",Orthodox,9,3
LaFlare,,"6' 1""",170 lbs.,"74.0""",Southpaw,14,3
Laframboise,,"5' 4""",125 lbs.,"65.0""",Orthodox,8,5
Lagman,Bad News,"6' 2""",185 lbs.,--,,6,5
Lahat,Neo,"5' 9""",145 lbs.,"69.0""",Orthodox,11,2
Lahdemaki,Jelly Bean,"5' 2""",115 lbs.,--,Orthodox,5,1
Lainesse,White Lion,"6' 1""",170 lbs.,"76.0""",Orthodox,9,3
Lajcik,The Bohemian,"6' 1""",225 lbs.,--,Orthodox,7,6
Lally,,"5' 7""",145 lbs.,--,Orthodox,2,1
Lally,The Unpredictable One,"6' 0""",170 lbs.,--,Orthodox,7,3
Lamas,The Bully,"5' 8""",145 lbs.,"71.0""",Orthodox,20,8
Lambert,The Punisher,"6' 3""",185 lbs.,"75.0""",Orthodox,26,13
Landi-Jons,Pele,"5' 11""",170 lbs.,--,Orthodox,29,16
Landwehr,The Train,"5' 9""",145 lbs.,"72.0""",Orthodox,18,6
Lane,,"6' 6""",245 lbs.,"80.0""",Orthodox,13,5
Lanfranco,,--,155 lbs.,--,,5,1
Lang,,"5' 11""",205 lbs.,--,Southpaw,21,2
Lanham,,--,205 lbs.,--,,5,1
Lansberg,Elbow Queen,"5' 7""",135 lbs.,"65.0""",Orthodox,10,8
O'Brien,Irish,"6' 3""",205 lbs.,"76.0""",Orthodox,15,4
O'Brien,The Spider,"6' 2""",155 lbs.,--,Orthodox,20,8
O'Connell,The Real OC,"6' 1""",205 lbs.,"74.0""",Orthodox,17,9
O'Connor,Johnny Irish,"5' 4""",115 lbs.,--,,6,6
O'Haire,,"6' 5""",270 lbs.,--,Orthodox,4,2
O'Malley,Suga,"5' 11""",135 lbs.,"72.0""",Switch,18,2
O'Neal,,"5' 8""",260 lbs.,--,,13,25
O'Neil,Cold Steel,"6' 2""",170 lbs.,--,,17,9
O'Neill,King,"5' 6""",125 lbs.,"69.0""",Orthodox,10,2
O'Reilly,Badger,"5' 7""",170 lbs.,"69.0""",Orthodox,6,3
Oba,,"5' 8""",200 lbs.,--,Southpaw,5,7
Obiya,,"5' 8""",145 lbs.,--,Orthodox,12,5
Ochoa,Kalzifer,"5' 7""",125 lbs.,"67.0""",Southpaw,7,1
Ocon,,"5' 8""",135 lbs.,"69.0""",Orthodox,2,1
Odoms,The Black Eagle,"6' 5""",265 lbs.,--,Orthodox,13,3
Oezdemir,No Time,"6' 2""",205 lbs.,"75.0""",Orthodox,20,8
Ofli,Genghis,"5' 7""",145 lbs.,"66.0""",Orthodox,12,3
Ogawa,,"6' 4""",255 lbs.,--,Orthodox,7,2
Ogden,Shamurai,"5' 11""",155 lbs.,"72.0""",Orthodox,18,6
Ogle,The Little Axe,"5' 8""",145 lbs.,"69.0""",Orthodox,9,6
Oh,Spider,--,155 lbs.,--,,7,2
Ohara,,"5' 10""",205 lbs.,--,Orthodox,0,2
Oishi,,"5' 8""",170 lbs.,--,Orthodox,25,10
Okada,Giant Ochiai,"6' 1""",290 lbs.,--,Orthodox,3,3
Okami,Thunder,"6' 2""",170 lbs.,"75.0""",Southpaw,34,12
Pa'aluhi,Rocky,"5' 7""",135 lbs.,--,,6,5
Pace,,"5' 7""",135 lbs.,"68.0""",Orthodox,8,3
Pacheco,,"5' 7""",135 lbs.,--,Orthodox,10,2
Pacheco,,"5' 8""",135 lbs.,"70.0""",Orthodox,7,3
Packalen,Pacu,"6' 1""",155 lbs.,"75.0""",Orthodox,8,3
Pacurariu,Constantine,"5' 7""",135 lbs.,--,,10,5
Padilha,,"5' 11""",155 lbs.,--,,3,3
Padilla,,"5' 11""",205 lbs.,--,,12,6
Padilla,El Valiente,"6' 1""",145 lbs.,"76.0""",Orthodox,16,6
Padilla,Taco,"5' 9""",155 lbs.,"74.0""",Orthodox,15,6
Page,The Angel of Death,"5' 6""",135 lbs.,"66.0""",Orthodox,19,10
Page,Venom,"6' 3""",170 lbs.,"79.0""",Switch,22,3
Pague,The Disciple,"5' 9""",135 lbs.,"74.0""",Orthodox,12,11
Paiva,,"5' 6""",125 lbs.,--,,8,2
Paiva,,"5' 8""",135 lbs.,"69.0""",Orthodox,21,5
Paiva Jr.,Sweetbread,"5' 9""",145 lbs.,"71.0""",Southpaw,13,8
Paixao,,"5' 6""",145 lbs.,"66.0""",Orthodox,10,5
Pajuelo,Corazon de Leon,"5' 10""",145 lbs.,"69.0""",Orthodox,8,2
Palacios,,"5' 9""",145 lbs.,--,Orthodox,3,2
Palacios,El Gallero,"5' 6""",145 lbs.,--,Orthodox,10,1
Palaszewski,Bartimus,"5' 9""",145 lbs.,"70.0""",Orthodox,36,17
Palatnikov,,"6' 1""",170 lbs.,"72.0""",Switch,6,4
Palelei,The Hulk,"6' 4""",265 lbs.,"81.0""",Orthodox,22,5
Palhares,Toquinho,"5' 8""",170 lbs.,"71.0""",Orthodox,19,8
Palhares,,--,180 lbs.,--,,2,16
Lun,Tibetan Knight,"5' 8""",125 lbs.,"66.0""",Southpaw,16,9
Quach,,"5' 3""",145 lbs.,--,Orthodox,19,10
Quan,,"5' 8""",143 lbs.,--,,3,5
Quarantillo,,"5' 10""",145 lbs.,"70.0""",Orthodox,18,7
Quarry,Rock,"6' 0""",185 lbs.,"72.0""",Open Stance,12,4
Queiroz,Spartan,"6' 7""",220 lbs.,--,Orthodox,8,4
Quinlan,Crash,"6' 0""",185 lbs.,--,Orthodox,3,1
Quinlan,Bushido,"6' 0""",170 lbs.,"72.0""",Orthodox,6,3
Quinn,,"5' 8""",145 lbs.,--,,13,7
Quinones,El Capo,"5' 10""",155 lbs.,"73.0""",Orthodox,8,3
Quinones,The Lone Wolf,"5' 9""",155 lbs.,"70.0""",Southpaw,7,3
Quinonez,Teco,"5' 8""",135 lbs.,"69.0""",Southpaw,9,5
Quinonez,Problema,"5' 8""",135 lbs.,"70.0""",Orthodox,18,5
Radach,Razor,"5' 10""",185 lbs.,--,Orthodox,21,7
Radev,,"5' 7""",185 lbs.,--,Southpaw,23,5
Radtke,Chuck Buffalo,"5' 9""",170 lbs.,"72.0""",Orthodox,10,4
Radzhabov,The Tajik Tank,"5' 11""",155 lbs.,"69.0""",Orthodox,18,6
Rael,,"5' 8""",155 lbs.,--,,1,3
Rafferty,,"6' 0""",170 lbs.,--,Orthodox,9,8
Rahnavardi,,"6' 0""",205 lbs.,--,Orthodox,11,10
Rainey,The Sniper,"6' 1""",170 lbs.,"77.0""",Switch,12,6
Rakhmonov,Nomad,"6' 1""",170 lbs.,"77.0""",Orthodox,19,0
Rakhmonova,,--,125 lbs.,--,,4,1
Rakic,Rocket,"6' 4""",205 lbs.,"78.0""",Orthodox,14,5
Rakoczy,The Ragin',"5' 7""",115 lbs.,--,Orthodox,1,5
Ramaska,,"5' 11""",145 lbs.,"71.0""",Orthodox,9,3
Ramirez,,"6' 1""",410 lbs.,--,Sideways,0,1
Ramirez,Sick Dog,"6' 0""",205 lbs.,--,Orthodox,10,6
Ramirez,The Machine,"5' 5""",125 lbs.,--,,2,3
Ramirez,,"5' 7""",125 lbs.,--,,5,2
Ramirez,,--,135 lbs.,--,,5,4
Ramirez,,"5' 11""",155 lbs.,"71.0""",Orthodox,8,2
Ramm,The,"6' 1""",160 lbs.,--,,4,4
Rammel,,"6' 0""",185 lbs.,--,,7,8
Ramos,Beicao,"5' 8""",170 lbs.,--,Orthodox,20,10
Ramos,,"5' 9""",145 lbs.,"72.0""",Orthodox,17,6
Ramos,Tasmanian Devil,"5' 6""",155 lbs.,"70.0""",Orthodox,10,4
Ramos,,"5' 8""",145 lbs.,"70.0""",Orthodox,8,3
Tachihikari,,"6' 5""",300 lbs.,--,Orthodox,0,4
Tackett,,--,115 lbs.,--,,1,3
Tadeu,,"5' 8""",160 lbs.,--,Orthodox,2,3
Tafa,Bad Man,"6' 0""",264 lbs.,"74.0""",Southpaw,7,4
Tafa,The Juggernaut,"6' 3""",240 lbs.,"75.0""",Orthodox,6,3
Taha,The Warrior,"5' 5""",135 lbs.,"69.0""",Orthodox,13,5
Taimanglo,The Juggernaut,"5' 4""",135 lbs.,--,,23,7
Taira,,"5' 7""",125 lbs.,"70.0""",Orthodox,16,1
Taisumov,Beckan,"5' 9""",155 lbs.,"73.0""",Orthodox,27,6
Takada,,"6' 0""",220 lbs.,--,Southpaw,2,6
Takahashi,Kazuo,"5' 11""",199 lbs.,--,Southpaw,30,27
Takahashi,,"5' 8""",150 lbs.,--,,15,12
Takase,,"6' 0""",170 lbs.,--,Southpaw,12,15
Takaya,Streetfight Bancho,"5' 6""",139 lbs.,--,Orthodox,21,14
Takayama,,"6' 5""",280 lbs.,--,Orthodox,1,4
Takimoto,,"5' 7""",205 lbs.,--,Southpaw,6,5
Taktarov,The Russian Bear,"6' 0""",210 lbs.,--,Orthodox,17,5
Talbott,,"5' 10""",135 lbs.,"70.0""",Switch,9,0
Taleb,,"6' 1""",170 lbs.,"74.0""",Orthodox,15,7
Talha,,"6' 0""",205 lbs.,"74.0""",Orthodox,6,1
Tamakairiki,,"6' 0""",220 lbs.,--,Orthodox,0,3
Tamez,Tomahawk,"5' 7""",135 lbs.,--,,10,0
Tamura,,"5' 11""",185 lbs.,--,Southpaw,32,13
Tamura,The Ironman,"5' 9""",135 lbs.,"70.0""",Orthodox,21,18
Tamura,,"5' 5""",135 lbs.,"63.0""",Orthodox,10,8
Uchida,,"5' 5""",125 lbs.,"68.0""",Southpaw,6,1
Uda,,"6' 3""",185 lbs.,--,Orthodox,12,2
Ueyama,,"5' 11""",180 lbs.,--,Southpaw,12,18
Uflacker,,"5' 11""",170 lbs.,--,,5,0
Uhrich,,"6' 0""",170 lbs.,--,,11,6
Ulanbekov,,"5' 7""",125 lbs.,"70.0""",Southpaw,15,2
Ulberg,Black Jag,"6' 4""",205 lbs.,"77.0""",Orthodox,12,1
Umalatov,Cobra,"5' 11""",170 lbs.,"71.0""",Orthodox,17,4
Umphries,,--,160 lbs.,--,,5,2
Underwood,,"6' 2""",185 lbs.,--,,13,7
Uno,Uno Shoten,"5' 7""",155 lbs.,"70.0""",Southpaw,33,19
Ura,Uraken,"5' 9""",165 lbs.,--,,14,12
Urban,Hulk,"6' 0""",170 lbs.,"72.0""",Orthodox,5,1
Urbina,El Toro,"5' 11""",170 lbs.,"73.0""",Orthodox,17,10
Urbina,,"6' 3""",185 lbs.,"77.0""",Southpaw,3,1
Urbina,The RGV Bad Boy,"6' 3""",170 lbs.,"75.0""",Orthodox,7,4
Urso,,"5' 6""",125 lbs.,"66.0""",Southpaw,10,3
Urushitani,,"5' 5""",125 lbs.,--,Southpaw,21,8
Usami,Savage,"5' 9""",155 lbs.,"70.0""",Orthodox,4,1
Usman,The Nigerian Nightmare,"6' 0""",170 lbs.,"76.0""",Switch,20,4
Usman,The Motor,"6' 2""",239 lbs.,"79.0""",Orthodox,11,4
Uyenoyama,BC,"5' 6""",125 lbs.,"65.0""",Orthodox,10,6
Vaculik,Vas,"5' 6""",125 lbs.,"69.0""",Orthodox,10,4
Vakhitov,,"6' 1""",205 lbs.,"75.0""",Orthodox,3,1
Valavicius,,"6' 0""",200 lbs.,--,Orthodox,29,12
Valdez,Rayadito,"5' 9""",155 lbs.,"72.0""",Orthodox,10,3
Valencia,,"5' 3""",135 lbs.,"64.0""",Orthodox,12,7
Valentin,Robzilla,"6' 2""",185 lbs.,"77.0""",Orthodox,11,4
Valenzuela,Joe Boxer,"5' 10""",155 lbs.,--,,13,6
Valenzuela,Bam Bam,"6' 2""",185 lbs.,"77.0""",Orthodox,8,2
Valiev,Lucky,"5' 6""",135 lbs.,"67.0""",Orthodox,18,3
Valimaki,The Matrix,"6' 0""",205 lbs.,--,Orthodox,18,10
Valladerez,,--,135 lbs.,--,,5,7
Vallejos,El Chino,"5' 7""",145 lbs.,"68.0""",Switch,14,1
Vallie-Flagg,,"5' 8""",155 lbs.,"70.0""",Orthodox,16,7
Van,The Fearless,"5' 5""",125 lbs.,"65.0""",Orthodox,12,2
van Arsdale,,"6' 2""",205 lbs.,--,Switch,8,5
Van Buren,Gutter,"6' 5""",205 lbs.,--,,7,6
van Clief,The Black Dragon,"5' 10""",190 lbs.,--,Orthodox,0,1
Van Dams,,"6' 1""",240 lbs.,--,Southpaw,0,1
Van der Merckt,Top Boy,--,185 lbs.,--,,8,0
VanCamp,Jumpman,"6' 2""",155 lbs.,"74.0""",Switch,15,7
Vance,,"6' 0""",185 lbs.,--,Orthodox,7,5
Vanderaa,,"6' 4""",265 lbs.,"80.0""",Orthodox,12,10
Vanderford,AK-47,"5' 11""",170 lbs.,--,Orthodox,4,0
Vannata,Groovy,"5' 9""",155 lbs.,"71.0""",Orthodox,12,7
VanZant,12 Gauge,"5' 4""",115 lbs.,"65.0""",Orthodox,8,5
Wade,,"5' 10""",205 lbs.,--,,4,11
Wade,,"5' 10""",155 lbs.,"70.0""",Orthodox,12,3
Wain,Old School,"5' 10""",242 lbs.,--,Orthodox,13,4
Waldburger,,"5' 11""",170 lbs.,"75.0""",Orthodox,16,9
Waldon,,"6' 1""",185 lbs.,"75.0""",Orthodox,11,2
Walker,,"5' 11""",205 lbs.,--,Southpaw,1,5
Walker,,"6' 1""",215 lbs.,--,Orthodox,2,0
Walker,Eagle Eye,"5' 9""",135 lbs.,--,,15,10
Walker,,"6' 6""",205 lbs.,"82.0""",Orthodox,21,9
Walker,The Bear,"5' 4""",125 lbs.,"67.0""",Switch,8,4
Walker,The Clean Monster,"6' 6""",265 lbs.,"78.0""",Orthodox,12,1
Wall,Manimal,"5' 10""",155 lbs.,--,Orthodox,8,7
Wallace,Blaze,"6' 0""",185 lbs.,--,Orthodox,18,6
Wallace,Shonuff the Master,"5' 9""",205 lbs.,"72.0""",Switch,26,15
Wallace,,"5' 9""",--,--,,4,6
Wallace,Braveheart,"5' 11""",185 lbs.,"73.0""",Orthodox,15,6
Wallace,Jesse,"5' 10""",155 lbs.,"69.0""",Orthodox,5,2
Wallhead,Judo,"5' 10""",170 lbs.,--,Orthodox,29,11
Walmsley,Hardcore,"6' 0""",205 lbs.,--,Orthodox,8,2
Walsh,Filthy Rich,"6' 0""",170 lbs.,"73.0""",Orthodox,9,5
Walsh,The Beast of the East,"5' 11""",185 lbs.,--,,10,3
Wanderlei,,"6' 1""",205 lbs.,--,Orthodox,3,3
Wanderley,,--,205 lbs.,--,Orthodox,5,2
Wang,,"5' 6""",155 lbs.,--,Orthodox,7,8
Wang,The Fire Kylin,"6' 0""",170 lbs.,--,Southpaw,20,6
Xavier,Macula,"6' 3""",220 lbs.,--,Orthodox,5,3
Long,,"5' 8""",135 lbs.,"70.0""",Orthodox,27,9
Bin,The Stalker,"5' 9""",145 lbs.,"71.0""",Orthodox,13,4
Yager,The Chosyn 1,"6' 1""",185 lbs.,--,Orthodox,8,4
Yagin,The Filipino Phenom,"5' 7""",145 lbs.,--,Orthodox,16,7
Yahya,,"5' 6""",135 lbs.,"67.0""",Orthodox,28,12
Yahya,The UAE Warrior,"5' 9""",155 lbs.,"73.0""",Switch,12,5
Yakovlev,Russian Thunder,"6' 3""",155 lbs.,"74.0""",Southpaw,24,10
Yamamiya,,"5' 11""",185 lbs.,--,Southpaw,45,35
Yamamoto,,"6' 0""",170 lbs.,--,Orthodox,5,12
Yamamoto,,"6' 2""",220 lbs.,--,Southpaw,14,25
Yamamoto,,"5' 6""",139 lbs.,--,Orthodox,19,11
Yamamoto,Kid,"5' 4""",135 lbs.,"66.0""",Southpaw,18,6
Yamanaka,Cat's Eye,"5' 11""",135 lbs.,--,,13,3
Yamauchi,,"5' 10""",145 lbs.,--,,21,3
Yamazaki,,"5' 8""",139 lbs.,--,Southpaw,15,12
Xiaonan,,"5' 5""",115 lbs.,"63.0""",Orthodox,19,4
Yan,No Mercy,"5' 7""",135 lbs.,"67.0""",Switch,18,5
Qihui,Queen Kong,"5' 3""",125 lbs.,"62.0""",Orthodox,25,5
Yandiev,Boroda,"5' 9""",185 lbs.,"74.0""",Orthodox,9,1
Yanez,,"5' 7""",135 lbs.,"70.0""",Orthodox,17,6
Yang,The Ox,"5' 10""",185 lbs.,"73.0""",Southpaw,13,3
Yang,,"5' 7""",145 lbs.,--,Orthodox,11,4
Yano,,"5' 9""",198 lbs.,--,Orthodox,2,4
Yarborough,,"6' 8""",770 lbs.,--,Open Stance,1,2
Yarbrough,,"6' 1""",185 lbs.,--,Orthodox,8,3
Yasuda,,"6' 4""",310 lbs.,--,Orthodox,2,4
Yatsu,,"6' 1""",165 lbs.,--,Orthodox,0,2
Zachrich,,"6' 2""",185 lbs.,"74.0""",Orthodox,14,4
Zafir,The Professor,"5' 11""",170 lbs.,--,Orthodox,7,3
Zahabi,,"5' 8""",135 lbs.,"68.0""",Orthodox,12,2
Zaiden,,--,205 lbs.,--,,10,3
Zalal,The Moroccan Devil,"5' 10""",145 lbs.,"72.0""",Switch,16,5
Zaleski dos Santos,Capoeira,"5' 11""",170 lbs.,"73.0""",Orthodox,25,8
Zane,The Hurricane,"5' 7""",145 lbs.,"69.0""",Southpaw,10,7
Zapata,Viva,"5' 11""",170 lbs.,--,Southpaw,4,2
Zaromskis,The Whitemare,"5' 9""",170 lbs.,--,Orthodox,20,9
Zawada,Sagat,"6' 0""",170 lbs.,"75.0""",Orthodox,17,7
Zecchini,Angelo Veneziano,"5' 8""",145 lbs.,"68.0""",Orthodox,11,4
Zeferino,The Brazilian Samurai,"5' 11""",170 lbs.,--,Orthodox,21,9
Zellhuber,Golden Boy,"6' 1""",155 lbs.,"77.0""",Switch,15,2
Zellner,Big Z,"6' 2""",205 lbs.,--,Orthodox,4,3
Zenidim,The King,"5' 7""",125 lbs.,"67.0""",Orthodox,14,2
Zentsov,The Russian Hammer,"6' 1""",230 lbs.,--,Orthodox,18,12
Zevallos,,"6' 0""",205 lbs.,--,Orthodox,3,4
Tiequan,The Wolf,"5' 8""",155 lbs.,"69.0""",Orthodox,15,4
Lipeng,The Warrior,"5' 11""",155 lbs.,"71.0""",Southpaw,23,9
Weili,Magnum,"5' 4""",115 lbs.,"63.0""",Switch,25,3
Mingyang,Mountain Tiger,"6' 2""",205 lbs.,"75.0""",Orthodox,18,6
Zhawupasi,,"5' 8""",135 lbs.,"68.0""",Switch,9,2
Zhelezniakova,Iron Lady,"5' 9""",135 lbs.,"68.0""",Orthodox,9,2
Zhikui,The Conqueror,"5' 5""",125 lbs.,"64.0""",Orthodox,2,4
Kangjie,,"5' 6""",145 lbs.,"70.0""",Orthodox,20,4
