commence_time,home_team,away_team,bookmaker,market_type,name,price,point
2024-12-24T01:15:00Z,Green Bay Packers,New Orleans Saints,DraftKings,h2h,Green Bay Packers,1.11,
2024-12-24T01:15:00Z,Green Bay Packers,New Orleans Saints,DraftKings,h2h,New Orleans Saints,7.25,
2024-12-24T01:15:00Z,Green Bay Packers,New Orleans Saints,DraftKings,spreads,Green Bay Packers,1.87,-14.0
2024-12-24T01:15:00Z,Green Bay Packers,New Orleans Saints,DraftKings,spreads,New Orleans Saints,1.95,14.0
2024-12-24T01:15:00Z,Green Bay Packers,New Orleans Saints,DraftKings,totals,Over,1.93,43.0
2024-12-24T01:15:00Z,Green Bay Packers,New Orleans Saints,DraftKings,totals,Under,1.89,43.0
2024-12-24T01:15:00Z,Green Bay Packers,New Orleans Saints,BetUS,h2h,Green Bay Packers,1.08,
2024-12-24T01:15:00Z,Green Bay Packers,New Orleans Saints,BetUS,h2h,New Orleans Saints,8.8,
2024-12-24T01:15:00Z,Green Bay Packers,New Orleans Saints,BetUS,spreads,Green Bay Packers,1.87,-14.0
2024-12-24T01:15:00Z,Green Bay Packers,New Orleans Saints,BetUS,spreads,New Orleans Saints,1.95,14.0
2024-12-24T01:15:00Z,Green Bay Packers,New Orleans Saints,BetUS,totals,Over,1.87,43.0
2024-12-24T01:15:00Z,Green Bay Packers,New Orleans Saints,BetUS,totals,Under,1.95,43.0
2024-12-24T01:15:00Z,Green Bay Packers,New Orleans Saints,FanDuel,h2h,Green Bay Packers,1.09,
2024-12-24T01:15:00Z,Green Bay Packers,New Orleans Saints,FanDuel,h2h,New Orleans Saints,8.3,
2024-12-24T01:15:00Z,Green Bay Packers,New Orleans Saints,FanDuel,spreads,Green Bay Packers,1.98,-14.5
2024-12-24T01:15:00Z,Green Bay Packers,New Orleans Saints,FanDuel,spreads,New Orleans Saints,1.83,14.5
2024-12-24T01:15:00Z,Green Bay Packers,New Orleans Saints,FanDuel,totals,Over,1.95,43.5
2024-12-24T01:15:00Z,Green Bay Packers,New Orleans Saints,FanDuel,totals,Under,1.87,43.5
2024-12-24T01:15:00Z,Green Bay Packers,New Orleans Saints,MyBookie.ag,h2h,Green Bay Packers,1.07,
2024-12-24T01:15:00Z,Green Bay Packers,New Orleans Saints,MyBookie.ag,h2h,New Orleans Saints,8.9,
2024-12-24T01:15:00Z,Green Bay Packers,New Orleans Saints,MyBookie.ag,spreads,Green Bay Packers,1.87,-14.0
2024-12-24T01:15:00Z,Green Bay Packers,New Orleans Saints,MyBookie.ag,spreads,New Orleans Saints,1.95,14.0
2024-12-24T01:15:00Z,Green Bay Packers,New Orleans Saints,MyBookie.ag,totals,Over,1.91,43.0
2024-12-24T01:15:00Z,Green Bay Packers,New Orleans Saints,MyBookie.ag,totals,Under,1.91,43.0
2024-12-24T01:15:00Z,Green Bay Packers,New Orleans Saints,LowVig.ag,h2h,Green Bay Packers,1.07,
2024-12-24T01:15:00Z,Green Bay Packers,New Orleans Saints,LowVig.ag,h2h,New Orleans Saints,9.7,
2024-12-24T01:15:00Z,Green Bay Packers,New Orleans Saints,LowVig.ag,spreads,Green Bay Packers,2.02,-14.5
2024-12-24T01:15:00Z,Green Bay Packers,New Orleans Saints,LowVig.ag,spreads,New Orleans Saints,1.88,14.5
2024-12-24T01:15:00Z,Green Bay Packers,New Orleans Saints,LowVig.ag,totals,Over,1.93,43.0
2024-12-24T01:15:00Z,Green Bay Packers,New Orleans Saints,LowVig.ag,totals,Under,1.93,43.0
2024-12-24T01:15:00Z,Green Bay Packers,New Orleans Saints,BetOnline.ag,h2h,Green Bay Packers,1.07,
2024-12-24T01:15:00Z,Green Bay Packers,New Orleans Saints,BetOnline.ag,h2h,New Orleans Saints,9.7,
2024-12-24T01:15:00Z,Green Bay Packers,New Orleans Saints,BetOnline.ag,spreads,Green Bay Packers,1.87,-14.0
2024-12-24T01:15:00Z,Green Bay Packers,New Orleans Saints,BetOnline.ag,spreads,New Orleans Saints,1.95,14.0
2024-12-24T01:15:00Z,Green Bay Packers,New Orleans Saints,BetOnline.ag,totals,Over,1.91,43.0
2024-12-24T01:15:00Z,Green Bay Packers,New Orleans Saints,BetOnline.ag,totals,Under,1.91,43.0
2024-12-24T01:15:00Z,Green Bay Packers,New Orleans Saints,BetRivers,h2h,Green Bay Packers,1.09,
2024-12-24T01:15:00Z,Green Bay Packers,New Orleans Saints,BetRivers,h2h,New Orleans Saints,7.5,
2024-12-24T01:15:00Z,Green Bay Packers,New Orleans Saints,BetRivers,spreads,Green Bay Packers,1.94,-14.5
2024-12-24T01:15:00Z,Green Bay Packers,New Orleans Saints,BetRivers,spreads,New Orleans Saints,1.87,14.5
2024-12-24T01:15:00Z,Green Bay Packers,New Orleans Saints,BetRivers,totals,Over,1.92,43.0
2024-12-24T01:15:00Z,Green Bay Packers,New Orleans Saints,BetRivers,totals,Under,1.89,43.0
2024-12-24T01:15:00Z,Green Bay Packers,New Orleans Saints,BetMGM,h2h,Green Bay Packers,1.1,
2024-12-24T01:15:00Z,Green Bay Packers,New Orleans Saints,BetMGM,h2h,New Orleans Saints,7.25,
2024-12-24T01:15:00Z,Green Bay Packers,New Orleans Saints,BetMGM,spreads,Green Bay Packers,1.91,-14.0
2024-12-24T01:15:00Z,Green Bay Packers,New Orleans Saints,BetMGM,spreads,New Orleans Saints,1.91,14.0
2024-12-24T01:15:00Z,Green Bay Packers,New Orleans Saints,BetMGM,totals,Over,1.91,43.0
2024-12-24T01:15:00Z,Green Bay Packers,New Orleans Saints,BetMGM,totals,Under,1.91,43.0
2024-12-24T01:15:00Z,Green Bay Packers,New Orleans Saints,Bovada,h2h,Green Bay Packers,1.07,
2024-12-24T01:15:00Z,Green Bay Packers,New Orleans Saints,Bovada,h2h,New Orleans Saints,8.5,
2024-12-24T01:15:00Z,Green Bay Packers,New Orleans Saints,Bovada,spreads,Green Bay Packers,1.83,-14.0
2024-12-24T01:15:00Z,Green Bay Packers,New Orleans Saints,Bovada,spreads,New Orleans Saints,2.0,14.0
2024-12-24T01:15:00Z,Green Bay Packers,New Orleans Saints,Bovada,totals,Over,1.91,43.0
2024-12-24T01:15:00Z,Green Bay Packers,New Orleans Saints,Bovada,totals,Under,1.91,43.0
2024-12-25T18:00:00Z,Pittsburgh Steelers,Kansas City Chiefs,FanDuel,h2h,Kansas City Chiefs,1.68,
2024-12-25T18:00:00Z,Pittsburgh Steelers,Kansas City Chiefs,FanDuel,h2h,Pittsburgh Steelers,2.26,
2024-12-25T18:00:00Z,Pittsburgh Steelers,Kansas City Chiefs,FanDuel,spreads,Kansas City Chiefs,1.91,-2.5
2024-12-25T18:00:00Z,Pittsburgh Steelers,Kansas City Chiefs,FanDuel,spreads,Pittsburgh Steelers,1.91,2.5
2024-12-25T18:00:00Z,Pittsburgh Steelers,Kansas City Chiefs,FanDuel,totals,Over,1.87,43.5
2024-12-25T18:00:00Z,Pittsburgh Steelers,Kansas City Chiefs,FanDuel,totals,Under,1.95,43.5
2024-12-25T18:00:00Z,Pittsburgh Steelers,Kansas City Chiefs,DraftKings,h2h,Kansas City Chiefs,1.7,
2024-12-25T18:00:00Z,Pittsburgh Steelers,Kansas City Chiefs,DraftKings,h2h,Pittsburgh Steelers,2.2,
2024-12-25T18:00:00Z,Pittsburgh Steelers,Kansas City Chiefs,DraftKings,spreads,Kansas City Chiefs,1.91,-2.5
2024-12-25T18:00:00Z,Pittsburgh Steelers,Kansas City Chiefs,DraftKings,spreads,Pittsburgh Steelers,1.91,2.5
2024-12-25T18:00:00Z,Pittsburgh Steelers,Kansas City Chiefs,DraftKings,totals,Over,1.91,43.0
2024-12-25T18:00:00Z,Pittsburgh Steelers,Kansas City Chiefs,DraftKings,totals,Under,1.91,43.0
2024-12-25T18:00:00Z,Pittsburgh Steelers,Kansas City Chiefs,BetMGM,h2h,Kansas City Chiefs,1.74,
2024-12-25T18:00:00Z,Pittsburgh Steelers,Kansas City Chiefs,BetMGM,h2h,Pittsburgh Steelers,2.15,
2024-12-25T18:00:00Z,Pittsburgh Steelers,Kansas City Chiefs,BetMGM,spreads,Kansas City Chiefs,1.91,-2.5
2024-12-25T18:00:00Z,Pittsburgh Steelers,Kansas City Chiefs,BetMGM,spreads,Pittsburgh Steelers,1.91,2.5
2024-12-25T18:00:00Z,Pittsburgh Steelers,Kansas City Chiefs,BetMGM,totals,Over,1.91,43.5
2024-12-25T18:00:00Z,Pittsburgh Steelers,Kansas City Chiefs,BetMGM,totals,Under,1.91,43.5
2024-12-25T18:00:00Z,Pittsburgh Steelers,Kansas City Chiefs,BetUS,h2h,Kansas City Chiefs,1.68,
2024-12-25T18:00:00Z,Pittsburgh Steelers,Kansas City Chiefs,BetUS,h2h,Pittsburgh Steelers,2.28,
2024-12-25T18:00:00Z,Pittsburgh Steelers,Kansas City Chiefs,BetUS,spreads,Kansas City Chiefs,1.83,-2.0
2024-12-25T18:00:00Z,Pittsburgh Steelers,Kansas City Chiefs,BetUS,spreads,Pittsburgh Steelers,2.0,2.0
2024-12-25T18:00:00Z,Pittsburgh Steelers,Kansas City Chiefs,BetUS,totals,Over,1.91,44.0
2024-12-25T18:00:00Z,Pittsburgh Steelers,Kansas City Chiefs,BetUS,totals,Under,1.91,44.0
2024-12-25T18:00:00Z,Pittsburgh Steelers,Kansas City Chiefs,MyBookie.ag,h2h,Kansas City Chiefs,1.68,
2024-12-25T18:00:00Z,Pittsburgh Steelers,Kansas City Chiefs,MyBookie.ag,h2h,Pittsburgh Steelers,2.21,
2024-12-25T18:00:00Z,Pittsburgh Steelers,Kansas City Chiefs,MyBookie.ag,spreads,Kansas City Chiefs,1.87,-2.5
2024-12-25T18:00:00Z,Pittsburgh Steelers,Kansas City Chiefs,MyBookie.ag,spreads,Pittsburgh Steelers,1.95,2.5
2024-12-25T18:00:00Z,Pittsburgh Steelers,Kansas City Chiefs,MyBookie.ag,totals,Over,1.91,44.0
2024-12-25T18:00:00Z,Pittsburgh Steelers,Kansas City Chiefs,MyBookie.ag,totals,Under,1.91,44.0
2024-12-25T18:00:00Z,Pittsburgh Steelers,Kansas City Chiefs,LowVig.ag,h2h,Kansas City Chiefs,1.68,
2024-12-25T18:00:00Z,Pittsburgh Steelers,Kansas City Chiefs,LowVig.ag,h2h,Pittsburgh Steelers,2.28,
2024-12-25T18:00:00Z,Pittsburgh Steelers,Kansas City Chiefs,LowVig.ag,spreads,Kansas City Chiefs,1.91,-2.5
2024-12-25T18:00:00Z,Pittsburgh Steelers,Kansas City Chiefs,LowVig.ag,spreads,Pittsburgh Steelers,2.0,2.5
2024-12-25T18:00:00Z,Pittsburgh Steelers,Kansas City Chiefs,LowVig.ag,totals,Over,1.93,43.5
2024-12-25T18:00:00Z,Pittsburgh Steelers,Kansas City Chiefs,LowVig.ag,totals,Under,1.93,43.5
2024-12-25T18:00:00Z,Pittsburgh Steelers,Kansas City Chiefs,BetOnline.ag,h2h,Kansas City Chiefs,1.68,
2024-12-25T18:00:00Z,Pittsburgh Steelers,Kansas City Chiefs,BetOnline.ag,h2h,Pittsburgh Steelers,2.28,
2024-12-25T18:00:00Z,Pittsburgh Steelers,Kansas City Chiefs,BetOnline.ag,spreads,Kansas City Chiefs,1.87,-2.5
2024-12-25T18:00:00Z,Pittsburgh Steelers,Kansas City Chiefs,BetOnline.ag,spreads,Pittsburgh Steelers,1.95,2.5
2024-12-25T18:00:00Z,Pittsburgh Steelers,Kansas City Chiefs,BetOnline.ag,totals,Over,1.91,43.5
2024-12-25T18:00:00Z,Pittsburgh Steelers,Kansas City Chiefs,BetOnline.ag,totals,Under,1.91,43.5
2024-12-25T18:00:00Z,Pittsburgh Steelers,Kansas City Chiefs,BetRivers,h2h,Kansas City Chiefs,1.68,
2024-12-25T18:00:00Z,Pittsburgh Steelers,Kansas City Chiefs,BetRivers,h2h,Pittsburgh Steelers,2.23,
2024-12-25T18:00:00Z,Pittsburgh Steelers,Kansas City Chiefs,BetRivers,spreads,Kansas City Chiefs,1.91,-2.5
2024-12-25T18:00:00Z,Pittsburgh Steelers,Kansas City Chiefs,BetRivers,spreads,Pittsburgh Steelers,1.91,2.5
2024-12-25T18:00:00Z,Pittsburgh Steelers,Kansas City Chiefs,BetRivers,totals,Over,1.88,43.0
2024-12-25T18:00:00Z,Pittsburgh Steelers,Kansas City Chiefs,BetRivers,totals,Under,1.93,43.0
2024-12-25T18:00:00Z,Pittsburgh Steelers,Kansas City Chiefs,Bovada,h2h,Kansas City Chiefs,1.69,
2024-12-25T18:00:00Z,Pittsburgh Steelers,Kansas City Chiefs,Bovada,h2h,Pittsburgh Steelers,2.25,
2024-12-25T18:00:00Z,Pittsburgh Steelers,Kansas City Chiefs,Bovada,spreads,Kansas City Chiefs,1.87,-2.5
2024-12-25T18:00:00Z,Pittsburgh Steelers,Kansas City Chiefs,Bovada,spreads,Pittsburgh Steelers,1.95,2.5
2024-12-25T18:00:00Z,Pittsburgh Steelers,Kansas City Chiefs,Bovada,totals,Over,1.87,43.5
2024-12-25T18:00:00Z,Pittsburgh Steelers,Kansas City Chiefs,Bovada,totals,Under,1.95,43.5
2024-12-25T21:30:00Z,Houston Texans,Baltimore Ravens,FanDuel,h2h,Baltimore Ravens,1.39,
2024-12-25T21:30:00Z,Houston Texans,Baltimore Ravens,FanDuel,h2h,Houston Texans,3.1,
2024-12-25T21:30:00Z,Houston Texans,Baltimore Ravens,FanDuel,spreads,Baltimore Ravens,1.87,-4.5
2024-12-25T21:30:00Z,Houston Texans,Baltimore Ravens,FanDuel,spreads,Houston Texans,1.95,4.5
2024-12-25T21:30:00Z,Houston Texans,Baltimore Ravens,FanDuel,totals,Over,1.87,46.5
2024-12-25T21:30:00Z,Houston Texans,Baltimore Ravens,FanDuel,totals,Under,1.95,46.5
2024-12-25T21:30:00Z,Houston Texans,Baltimore Ravens,DraftKings,h2h,Baltimore Ravens,1.44,
2024-12-25T21:30:00Z,Houston Texans,Baltimore Ravens,DraftKings,h2h,Houston Texans,2.85,
2024-12-25T21:30:00Z,Houston Texans,Baltimore Ravens,DraftKings,spreads,Baltimore Ravens,1.93,-5.0
2024-12-25T21:30:00Z,Houston Texans,Baltimore Ravens,DraftKings,spreads,Houston Texans,1.89,5.0
2024-12-25T21:30:00Z,Houston Texans,Baltimore Ravens,DraftKings,totals,Over,1.89,46.5
2024-12-25T21:30:00Z,Houston Texans,Baltimore Ravens,DraftKings,totals,Under,1.93,46.5
2024-12-25T21:30:00Z,Houston Texans,Baltimore Ravens,MyBookie.ag,h2h,Baltimore Ravens,1.44,
2024-12-25T21:30:00Z,Houston Texans,Baltimore Ravens,MyBookie.ag,h2h,Houston Texans,2.82,
2024-12-25T21:30:00Z,Houston Texans,Baltimore Ravens,MyBookie.ag,spreads,Baltimore Ravens,1.91,-5.0
2024-12-25T21:30:00Z,Houston Texans,Baltimore Ravens,MyBookie.ag,spreads,Houston Texans,1.91,5.0
2024-12-25T21:30:00Z,Houston Texans,Baltimore Ravens,MyBookie.ag,totals,Over,1.91,46.5
2024-12-25T21:30:00Z,Houston Texans,Baltimore Ravens,MyBookie.ag,totals,Under,1.91,46.5
2024-12-25T21:30:00Z,Houston Texans,Baltimore Ravens,BetMGM,h2h,Baltimore Ravens,1.44,
2024-12-25T21:30:00Z,Houston Texans,Baltimore Ravens,BetMGM,h2h,Houston Texans,2.85,
2024-12-25T21:30:00Z,Houston Texans,Baltimore Ravens,BetMGM,spreads,Baltimore Ravens,1.91,-5.5
2024-12-25T21:30:00Z,Houston Texans,Baltimore Ravens,BetMGM,spreads,Houston Texans,1.91,5.5
2024-12-25T21:30:00Z,Houston Texans,Baltimore Ravens,BetMGM,totals,Over,1.91,46.5
2024-12-25T21:30:00Z,Houston Texans,Baltimore Ravens,BetMGM,totals,Under,1.91,46.5
2024-12-25T21:30:00Z,Houston Texans,Baltimore Ravens,Bovada,h2h,Baltimore Ravens,1.45,
2024-12-25T21:30:00Z,Houston Texans,Baltimore Ravens,Bovada,h2h,Houston Texans,2.8,
2024-12-25T21:30:00Z,Houston Texans,Baltimore Ravens,Bovada,spreads,Baltimore Ravens,1.83,-4.0
2024-12-25T21:30:00Z,Houston Texans,Baltimore Ravens,Bovada,spreads,Houston Texans,2.0,4.0
2024-12-25T21:30:00Z,Houston Texans,Baltimore Ravens,Bovada,totals,Over,1.91,47.0
2024-12-25T21:30:00Z,Houston Texans,Baltimore Ravens,Bovada,totals,Under,1.91,47.0
2024-12-25T21:30:00Z,Houston Texans,Baltimore Ravens,LowVig.ag,h2h,Baltimore Ravens,1.44,
2024-12-25T21:30:00Z,Houston Texans,Baltimore Ravens,LowVig.ag,h2h,Houston Texans,2.95,
2024-12-25T21:30:00Z,Houston Texans,Baltimore Ravens,LowVig.ag,spreads,Baltimore Ravens,1.91,-4.5
2024-12-25T21:30:00Z,Houston Texans,Baltimore Ravens,LowVig.ag,spreads,Houston Texans,2.0,4.5
2024-12-25T21:30:00Z,Houston Texans,Baltimore Ravens,LowVig.ag,totals,Over,1.91,46.5
2024-12-25T21:30:00Z,Houston Texans,Baltimore Ravens,LowVig.ag,totals,Under,1.96,46.5
2024-12-25T21:30:00Z,Houston Texans,Baltimore Ravens,BetOnline.ag,h2h,Baltimore Ravens,1.44,
2024-12-25T21:30:00Z,Houston Texans,Baltimore Ravens,BetOnline.ag,h2h,Houston Texans,2.95,
2024-12-25T21:30:00Z,Houston Texans,Baltimore Ravens,BetOnline.ag,spreads,Baltimore Ravens,1.87,-4.5
2024-12-25T21:30:00Z,Houston Texans,Baltimore Ravens,BetOnline.ag,spreads,Houston Texans,1.95,4.5
2024-12-25T21:30:00Z,Houston Texans,Baltimore Ravens,BetOnline.ag,totals,Over,1.88,46.5
2024-12-25T21:30:00Z,Houston Texans,Baltimore Ravens,BetOnline.ag,totals,Under,1.93,46.5
2024-12-25T21:30:00Z,Houston Texans,Baltimore Ravens,BetRivers,h2h,Baltimore Ravens,1.44,
2024-12-25T21:30:00Z,Houston Texans,Baltimore Ravens,BetRivers,h2h,Houston Texans,2.8,
2024-12-25T21:30:00Z,Houston Texans,Baltimore Ravens,BetRivers,spreads,Baltimore Ravens,1.91,-4.5
2024-12-25T21:30:00Z,Houston Texans,Baltimore Ravens,BetRivers,spreads,Houston Texans,1.91,4.5
2024-12-25T21:30:00Z,Houston Texans,Baltimore Ravens,BetRivers,totals,Over,1.91,46.5
2024-12-25T21:30:00Z,Houston Texans,Baltimore Ravens,BetRivers,totals,Under,1.91,46.5
2024-12-25T21:30:00Z,Houston Texans,Baltimore Ravens,BetUS,h2h,Baltimore Ravens,1.44,
2024-12-25T21:30:00Z,Houston Texans,Baltimore Ravens,BetUS,h2h,Houston Texans,2.9,
2024-12-25T21:30:00Z,Houston Texans,Baltimore Ravens,BetUS,spreads,Baltimore Ravens,1.91,-5.0
2024-12-25T21:30:00Z,Houston Texans,Baltimore Ravens,BetUS,spreads,Houston Texans,1.91,5.0
2024-12-25T21:30:00Z,Houston Texans,Baltimore Ravens,BetUS,totals,Over,1.91,46.5
2024-12-25T21:30:00Z,Houston Texans,Baltimore Ravens,BetUS,totals,Under,1.91,46.5
2024-12-27T01:16:00Z,Chicago Bears,Seattle Seahawks,DraftKings,h2h,Chicago Bears,2.6,
2024-12-27T01:16:00Z,Chicago Bears,Seattle Seahawks,DraftKings,h2h,Seattle Seahawks,1.52,
2024-12-27T01:16:00Z,Chicago Bears,Seattle Seahawks,DraftKings,spreads,Chicago Bears,1.98,3.5
2024-12-27T01:16:00Z,Chicago Bears,Seattle Seahawks,DraftKings,spreads,Seattle Seahawks,1.85,-3.5
2024-12-27T01:16:00Z,Chicago Bears,Seattle Seahawks,DraftKings,totals,Over,1.93,43.5
2024-12-27T01:16:00Z,Chicago Bears,Seattle Seahawks,DraftKings,totals,Under,1.89,43.5
2024-12-27T01:16:00Z,Chicago Bears,Seattle Seahawks,FanDuel,totals,Over,1.91,43.5
2024-12-27T01:16:00Z,Chicago Bears,Seattle Seahawks,FanDuel,totals,Under,1.91,43.5
2024-12-27T01:16:00Z,Chicago Bears,Seattle Seahawks,MyBookie.ag,h2h,Chicago Bears,2.56,
2024-12-27T01:16:00Z,Chicago Bears,Seattle Seahawks,MyBookie.ag,h2h,Seattle Seahawks,1.52,
2024-12-27T01:16:00Z,Chicago Bears,Seattle Seahawks,MyBookie.ag,spreads,Chicago Bears,1.91,3.5
2024-12-27T01:16:00Z,Chicago Bears,Seattle Seahawks,MyBookie.ag,spreads,Seattle Seahawks,1.91,-3.5
2024-12-27T01:16:00Z,Chicago Bears,Seattle Seahawks,MyBookie.ag,totals,Over,1.91,43.5
2024-12-27T01:16:00Z,Chicago Bears,Seattle Seahawks,MyBookie.ag,totals,Under,1.91,43.5
2024-12-27T01:16:00Z,Chicago Bears,Seattle Seahawks,LowVig.ag,h2h,Chicago Bears,2.7,
2024-12-27T01:16:00Z,Chicago Bears,Seattle Seahawks,LowVig.ag,h2h,Seattle Seahawks,1.51,
2024-12-27T01:16:00Z,Chicago Bears,Seattle Seahawks,LowVig.ag,spreads,Chicago Bears,1.98,3.5
2024-12-27T01:16:00Z,Chicago Bears,Seattle Seahawks,LowVig.ag,spreads,Seattle Seahawks,1.93,-3.5
2024-12-27T01:16:00Z,Chicago Bears,Seattle Seahawks,LowVig.ag,totals,Over,1.93,43.5
2024-12-27T01:16:00Z,Chicago Bears,Seattle Seahawks,LowVig.ag,totals,Under,1.93,43.5
2024-12-27T01:16:00Z,Chicago Bears,Seattle Seahawks,BetOnline.ag,h2h,Chicago Bears,2.7,
2024-12-27T01:16:00Z,Chicago Bears,Seattle Seahawks,BetOnline.ag,h2h,Seattle Seahawks,1.51,
2024-12-27T01:16:00Z,Chicago Bears,Seattle Seahawks,BetOnline.ag,spreads,Chicago Bears,1.93,3.5
2024-12-27T01:16:00Z,Chicago Bears,Seattle Seahawks,BetOnline.ag,spreads,Seattle Seahawks,1.88,-3.5
2024-12-27T01:16:00Z,Chicago Bears,Seattle Seahawks,BetOnline.ag,totals,Over,1.91,43.5
2024-12-27T01:16:00Z,Chicago Bears,Seattle Seahawks,BetOnline.ag,totals,Under,1.91,43.5
2024-12-27T01:16:00Z,Chicago Bears,Seattle Seahawks,BetRivers,h2h,Chicago Bears,2.6,
2024-12-27T01:16:00Z,Chicago Bears,Seattle Seahawks,BetRivers,h2h,Seattle Seahawks,1.5,
2024-12-27T01:16:00Z,Chicago Bears,Seattle Seahawks,BetRivers,spreads,Chicago Bears,1.93,3.5
2024-12-27T01:16:00Z,Chicago Bears,Seattle Seahawks,BetRivers,spreads,Seattle Seahawks,1.88,-3.5
2024-12-27T01:16:00Z,Chicago Bears,Seattle Seahawks,BetRivers,totals,Over,1.93,43.0
2024-12-27T01:16:00Z,Chicago Bears,Seattle Seahawks,BetRivers,totals,Under,1.88,43.0
2024-12-27T01:16:00Z,Chicago Bears,Seattle Seahawks,BetUS,h2h,Chicago Bears,2.67,
2024-12-27T01:16:00Z,Chicago Bears,Seattle Seahawks,BetUS,h2h,Seattle Seahawks,1.51,
2024-12-27T01:16:00Z,Chicago Bears,Seattle Seahawks,BetUS,spreads,Chicago Bears,1.95,3.5
2024-12-27T01:16:00Z,Chicago Bears,Seattle Seahawks,BetUS,spreads,Seattle Seahawks,1.87,-3.5
2024-12-27T01:16:00Z,Chicago Bears,Seattle Seahawks,BetUS,totals,Over,1.91,43.5
2024-12-27T01:16:00Z,Chicago Bears,Seattle Seahawks,BetUS,totals,Under,1.91,43.5
2024-12-27T01:16:00Z,Chicago Bears,Seattle Seahawks,BetMGM,h2h,Chicago Bears,2.55,
2024-12-27T01:16:00Z,Chicago Bears,Seattle Seahawks,BetMGM,h2h,Seattle Seahawks,1.53,
2024-12-27T01:16:00Z,Chicago Bears,Seattle Seahawks,BetMGM,spreads,Chicago Bears,1.91,3.5
2024-12-27T01:16:00Z,Chicago Bears,Seattle Seahawks,BetMGM,spreads,Seattle Seahawks,1.91,-3.5
2024-12-27T01:16:00Z,Chicago Bears,Seattle Seahawks,BetMGM,totals,Over,1.91,43.5
2024-12-27T01:16:00Z,Chicago Bears,Seattle Seahawks,BetMGM,totals,Under,1.91,43.5
2024-12-27T01:16:00Z,Chicago Bears,Seattle Seahawks,Bovada,h2h,Chicago Bears,2.65,
2024-12-27T01:16:00Z,Chicago Bears,Seattle Seahawks,Bovada,h2h,Seattle Seahawks,1.51,
2024-12-27T01:16:00Z,Chicago Bears,Seattle Seahawks,Bovada,spreads,Chicago Bears,1.91,3.5
2024-12-27T01:16:00Z,Chicago Bears,Seattle Seahawks,Bovada,spreads,Seattle Seahawks,1.91,-3.5
2024-12-27T01:16:00Z,Chicago Bears,Seattle Seahawks,Bovada,totals,Over,1.91,43.5
2024-12-27T01:16:00Z,Chicago Bears,Seattle Seahawks,Bovada,totals,Under,1.91,43.5
2024-12-28T18:01:00Z,New England Patriots,Los Angeles Chargers,DraftKings,h2h,Los Angeles Chargers,1.42,
2024-12-28T18:01:00Z,New England Patriots,Los Angeles Chargers,DraftKings,h2h,New England Patriots,2.95,
2024-12-28T18:01:00Z,New England Patriots,Los Angeles Chargers,DraftKings,spreads,Los Angeles Chargers,1.91,-5.0
2024-12-28T18:01:00Z,New England Patriots,Los Angeles Chargers,DraftKings,spreads,New England Patriots,1.91,5.0
2024-12-28T18:01:00Z,New England Patriots,Los Angeles Chargers,DraftKings,totals,Over,1.91,42.5
2024-12-28T18:01:00Z,New England Patriots,Los Angeles Chargers,DraftKings,totals,Under,1.91,42.5
2024-12-28T18:01:00Z,New England Patriots,Los Angeles Chargers,BetUS,h2h,Los Angeles Chargers,1.42,
2024-12-28T18:01:00Z,New England Patriots,Los Angeles Chargers,BetUS,h2h,New England Patriots,3.03,
2024-12-28T18:01:00Z,New England Patriots,Los Angeles Chargers,BetUS,spreads,Los Angeles Chargers,1.91,-5.5
2024-12-28T18:01:00Z,New England Patriots,Los Angeles Chargers,BetUS,spreads,New England Patriots,1.91,5.5
2024-12-28T18:01:00Z,New England Patriots,Los Angeles Chargers,BetUS,totals,Over,1.91,42.5
2024-12-28T18:01:00Z,New England Patriots,Los Angeles Chargers,BetUS,totals,Under,1.91,42.5
2024-12-28T18:01:00Z,New England Patriots,Los Angeles Chargers,FanDuel,h2h,Los Angeles Chargers,1.43,
2024-12-28T18:01:00Z,New England Patriots,Los Angeles Chargers,FanDuel,h2h,New England Patriots,2.9,
2024-12-28T18:01:00Z,New England Patriots,Los Angeles Chargers,FanDuel,spreads,Los Angeles Chargers,1.95,-5.5
2024-12-28T18:01:00Z,New England Patriots,Los Angeles Chargers,FanDuel,spreads,New England Patriots,1.87,5.5
2024-12-28T18:01:00Z,New England Patriots,Los Angeles Chargers,FanDuel,totals,Over,1.98,43.5
2024-12-28T18:01:00Z,New England Patriots,Los Angeles Chargers,FanDuel,totals,Under,1.83,43.5
2024-12-28T18:01:00Z,New England Patriots,Los Angeles Chargers,MyBookie.ag,h2h,Los Angeles Chargers,1.41,
2024-12-28T18:01:00Z,New England Patriots,Los Angeles Chargers,MyBookie.ag,h2h,New England Patriots,2.93,
2024-12-28T18:01:00Z,New England Patriots,Los Angeles Chargers,MyBookie.ag,spreads,Los Angeles Chargers,1.91,-5.5
2024-12-28T18:01:00Z,New England Patriots,Los Angeles Chargers,MyBookie.ag,spreads,New England Patriots,1.91,5.5
2024-12-28T18:01:00Z,New England Patriots,Los Angeles Chargers,MyBookie.ag,totals,Over,1.91,42.0
2024-12-28T18:01:00Z,New England Patriots,Los Angeles Chargers,MyBookie.ag,totals,Under,1.91,42.0
2024-12-28T18:01:00Z,New England Patriots,Los Angeles Chargers,BetOnline.ag,h2h,Los Angeles Chargers,1.42,
2024-12-28T18:01:00Z,New England Patriots,Los Angeles Chargers,BetOnline.ag,h2h,New England Patriots,3.0,
2024-12-28T18:01:00Z,New England Patriots,Los Angeles Chargers,BetOnline.ag,spreads,Los Angeles Chargers,1.91,-5.0
2024-12-28T18:01:00Z,New England Patriots,Los Angeles Chargers,BetOnline.ag,spreads,New England Patriots,1.91,5.0
2024-12-28T18:01:00Z,New England Patriots,Los Angeles Chargers,BetOnline.ag,totals,Over,1.87,42.0
2024-12-28T18:01:00Z,New England Patriots,Los Angeles Chargers,BetOnline.ag,totals,Under,1.95,42.0
2024-12-28T18:01:00Z,New England Patriots,Los Angeles Chargers,LowVig.ag,h2h,Los Angeles Chargers,1.42,
2024-12-28T18:01:00Z,New England Patriots,Los Angeles Chargers,LowVig.ag,h2h,New England Patriots,3.0,
2024-12-28T18:01:00Z,New England Patriots,Los Angeles Chargers,LowVig.ag,spreads,Los Angeles Chargers,1.95,-5.0
2024-12-28T18:01:00Z,New England Patriots,Los Angeles Chargers,LowVig.ag,spreads,New England Patriots,1.95,5.0
2024-12-28T18:01:00Z,New England Patriots,Los Angeles Chargers,LowVig.ag,totals,Over,1.88,42.0
2024-12-28T18:01:00Z,New England Patriots,Los Angeles Chargers,LowVig.ag,totals,Under,1.98,42.0
2024-12-28T18:01:00Z,New England Patriots,Los Angeles Chargers,BetRivers,h2h,Los Angeles Chargers,1.41,
2024-12-28T18:01:00Z,New England Patriots,Los Angeles Chargers,BetRivers,h2h,New England Patriots,2.95,
2024-12-28T18:01:00Z,New England Patriots,Los Angeles Chargers,BetRivers,spreads,Los Angeles Chargers,1.89,-5.0
2024-12-28T18:01:00Z,New England Patriots,Los Angeles Chargers,BetRivers,spreads,New England Patriots,1.92,5.0
2024-12-28T18:01:00Z,New England Patriots,Los Angeles Chargers,BetRivers,totals,Over,1.89,42.0
2024-12-28T18:01:00Z,New England Patriots,Los Angeles Chargers,BetRivers,totals,Under,1.92,42.0
2024-12-28T18:01:00Z,New England Patriots,Los Angeles Chargers,BetMGM,h2h,Los Angeles Chargers,1.4,
2024-12-28T18:01:00Z,New England Patriots,Los Angeles Chargers,BetMGM,h2h,New England Patriots,2.95,
2024-12-28T18:01:00Z,New England Patriots,Los Angeles Chargers,BetMGM,spreads,Los Angeles Chargers,1.91,-5.0
2024-12-28T18:01:00Z,New England Patriots,Los Angeles Chargers,BetMGM,spreads,New England Patriots,1.91,5.0
2024-12-28T18:01:00Z,New England Patriots,Los Angeles Chargers,BetMGM,totals,Over,1.91,42.5
2024-12-28T18:01:00Z,New England Patriots,Los Angeles Chargers,BetMGM,totals,Under,1.91,42.5
2024-12-28T18:01:00Z,New England Patriots,Los Angeles Chargers,Bovada,h2h,Los Angeles Chargers,1.43,
2024-12-28T18:01:00Z,New England Patriots,Los Angeles Chargers,Bovada,h2h,New England Patriots,2.95,
2024-12-28T18:01:00Z,New England Patriots,Los Angeles Chargers,Bovada,spreads,Los Angeles Chargers,1.91,-4.5
2024-12-28T18:01:00Z,New England Patriots,Los Angeles Chargers,Bovada,spreads,New England Patriots,1.91,4.5
2024-12-28T18:01:00Z,New England Patriots,Los Angeles Chargers,Bovada,totals,Over,1.91,42.5
2024-12-28T18:01:00Z,New England Patriots,Los Angeles Chargers,Bovada,totals,Under,1.91,42.5
2024-12-28T21:31:00Z,Cincinnati Bengals,Denver Broncos,DraftKings,h2h,Cincinnati Bengals,1.59,
2024-12-28T21:31:00Z,Cincinnati Bengals,Denver Broncos,DraftKings,h2h,Denver Broncos,2.42,
2024-12-28T21:31:00Z,Cincinnati Bengals,Denver Broncos,DraftKings,spreads,Cincinnati Bengals,1.85,-3.0
2024-12-28T21:31:00Z,Cincinnati Bengals,Denver Broncos,DraftKings,spreads,Denver Broncos,1.98,3.0
2024-12-28T21:31:00Z,Cincinnati Bengals,Denver Broncos,DraftKings,totals,Over,1.93,50.0
2024-12-28T21:31:00Z,Cincinnati Bengals,Denver Broncos,DraftKings,totals,Under,1.89,50.0
2024-12-28T21:31:00Z,Cincinnati Bengals,Denver Broncos,FanDuel,h2h,Cincinnati Bengals,1.58,
2024-12-28T21:31:00Z,Cincinnati Bengals,Denver Broncos,FanDuel,h2h,Denver Broncos,2.44,
2024-12-28T21:31:00Z,Cincinnati Bengals,Denver Broncos,FanDuel,spreads,Cincinnati Bengals,1.87,-3.0
2024-12-28T21:31:00Z,Cincinnati Bengals,Denver Broncos,FanDuel,spreads,Denver Broncos,1.95,3.0
2024-12-28T21:31:00Z,Cincinnati Bengals,Denver Broncos,FanDuel,totals,Over,1.89,49.5
2024-12-28T21:31:00Z,Cincinnati Bengals,Denver Broncos,FanDuel,totals,Under,1.93,49.5
2024-12-28T21:31:00Z,Cincinnati Bengals,Denver Broncos,MyBookie.ag,h2h,Cincinnati Bengals,1.57,
2024-12-28T21:31:00Z,Cincinnati Bengals,Denver Broncos,MyBookie.ag,h2h,Denver Broncos,2.41,
2024-12-28T21:31:00Z,Cincinnati Bengals,Denver Broncos,MyBookie.ag,spreads,Cincinnati Bengals,1.91,-3.0
2024-12-28T21:31:00Z,Cincinnati Bengals,Denver Broncos,MyBookie.ag,spreads,Denver Broncos,1.91,3.0
2024-12-28T21:31:00Z,Cincinnati Bengals,Denver Broncos,MyBookie.ag,totals,Over,1.91,49.5
2024-12-28T21:31:00Z,Cincinnati Bengals,Denver Broncos,MyBookie.ag,totals,Under,1.91,49.5
2024-12-28T21:31:00Z,Cincinnati Bengals,Denver Broncos,LowVig.ag,h2h,Cincinnati Bengals,1.61,
2024-12-28T21:31:00Z,Cincinnati Bengals,Denver Broncos,LowVig.ag,h2h,Denver Broncos,2.45,
2024-12-28T21:31:00Z,Cincinnati Bengals,Denver Broncos,LowVig.ag,spreads,Cincinnati Bengals,1.86,-3.0
2024-12-28T21:31:00Z,Cincinnati Bengals,Denver Broncos,LowVig.ag,spreads,Denver Broncos,2.05,3.0
2024-12-28T21:31:00Z,Cincinnati Bengals,Denver Broncos,LowVig.ag,totals,Over,1.93,49.5
2024-12-28T21:31:00Z,Cincinnati Bengals,Denver Broncos,LowVig.ag,totals,Under,1.93,49.5
2024-12-28T21:31:00Z,Cincinnati Bengals,Denver Broncos,BetOnline.ag,h2h,Cincinnati Bengals,1.61,
2024-12-28T21:31:00Z,Cincinnati Bengals,Denver Broncos,BetOnline.ag,h2h,Denver Broncos,2.45,
2024-12-28T21:31:00Z,Cincinnati Bengals,Denver Broncos,BetOnline.ag,spreads,Cincinnati Bengals,1.83,-3.0
2024-12-28T21:31:00Z,Cincinnati Bengals,Denver Broncos,BetOnline.ag,spreads,Denver Broncos,2.0,3.0
2024-12-28T21:31:00Z,Cincinnati Bengals,Denver Broncos,BetOnline.ag,totals,Over,1.91,49.5
2024-12-28T21:31:00Z,Cincinnati Bengals,Denver Broncos,BetOnline.ag,totals,Under,1.91,49.5
2024-12-28T21:31:00Z,Cincinnati Bengals,Denver Broncos,BetRivers,h2h,Cincinnati Bengals,1.56,
2024-12-28T21:31:00Z,Cincinnati Bengals,Denver Broncos,BetRivers,h2h,Denver Broncos,2.4,
2024-12-28T21:31:00Z,Cincinnati Bengals,Denver Broncos,BetRivers,spreads,Cincinnati Bengals,1.88,-3.0
2024-12-28T21:31:00Z,Cincinnati Bengals,Denver Broncos,BetRivers,spreads,Denver Broncos,1.93,3.0
2024-12-28T21:31:00Z,Cincinnati Bengals,Denver Broncos,BetRivers,totals,Over,1.92,49.5
2024-12-28T21:31:00Z,Cincinnati Bengals,Denver Broncos,BetRivers,totals,Under,1.89,49.5
2024-12-28T21:31:00Z,Cincinnati Bengals,Denver Broncos,BetUS,h2h,Cincinnati Bengals,1.61,
2024-12-28T21:31:00Z,Cincinnati Bengals,Denver Broncos,BetUS,h2h,Denver Broncos,2.42,
2024-12-28T21:31:00Z,Cincinnati Bengals,Denver Broncos,BetUS,spreads,Cincinnati Bengals,1.83,-3.0
2024-12-28T21:31:00Z,Cincinnati Bengals,Denver Broncos,BetUS,spreads,Denver Broncos,2.0,3.0
2024-12-28T21:31:00Z,Cincinnati Bengals,Denver Broncos,BetUS,totals,Over,1.91,50.0
2024-12-28T21:31:00Z,Cincinnati Bengals,Denver Broncos,BetUS,totals,Under,1.91,50.0
2024-12-28T21:31:00Z,Cincinnati Bengals,Denver Broncos,BetMGM,h2h,Cincinnati Bengals,1.61,
2024-12-28T21:31:00Z,Cincinnati Bengals,Denver Broncos,BetMGM,h2h,Denver Broncos,2.4,
2024-12-28T21:31:00Z,Cincinnati Bengals,Denver Broncos,BetMGM,spreads,Cincinnati Bengals,1.87,-3.0
2024-12-28T21:31:00Z,Cincinnati Bengals,Denver Broncos,BetMGM,spreads,Denver Broncos,1.95,3.0
2024-12-28T21:31:00Z,Cincinnati Bengals,Denver Broncos,BetMGM,totals,Over,1.91,49.5
2024-12-28T21:31:00Z,Cincinnati Bengals,Denver Broncos,BetMGM,totals,Under,1.91,49.5
2024-12-28T21:31:00Z,Cincinnati Bengals,Denver Broncos,Bovada,h2h,Cincinnati Bengals,1.56,
2024-12-28T21:31:00Z,Cincinnati Bengals,Denver Broncos,Bovada,h2h,Denver Broncos,2.55,
2024-12-28T21:31:00Z,Cincinnati Bengals,Denver Broncos,Bovada,spreads,Cincinnati Bengals,1.83,-3.0
2024-12-28T21:31:00Z,Cincinnati Bengals,Denver Broncos,Bovada,spreads,Denver Broncos,2.0,3.0
2024-12-28T21:31:00Z,Cincinnati Bengals,Denver Broncos,Bovada,totals,Over,1.95,50.0
2024-12-28T21:31:00Z,Cincinnati Bengals,Denver Broncos,Bovada,totals,Under,1.87,50.0
2024-12-29T01:16:00Z,Los Angeles Rams,Arizona Cardinals,DraftKings,h2h,Arizona Cardinals,3.3,
2024-12-29T01:16:00Z,Los Angeles Rams,Arizona Cardinals,DraftKings,h2h,Los Angeles Rams,1.35,
2024-12-29T01:16:00Z,Los Angeles Rams,Arizona Cardinals,DraftKings,spreads,Arizona Cardinals,1.93,6.0
2024-12-29T01:16:00Z,Los Angeles Rams,Arizona Cardinals,DraftKings,spreads,Los Angeles Rams,1.89,-6.0
2024-12-29T01:16:00Z,Los Angeles Rams,Arizona Cardinals,DraftKings,totals,Over,1.93,48.5
2024-12-29T01:16:00Z,Los Angeles Rams,Arizona Cardinals,DraftKings,totals,Under,1.89,48.5
2024-12-29T01:16:00Z,Los Angeles Rams,Arizona Cardinals,BetUS,h2h,Arizona Cardinals,3.25,
2024-12-29T01:16:00Z,Los Angeles Rams,Arizona Cardinals,BetUS,h2h,Los Angeles Rams,1.37,
2024-12-29T01:16:00Z,Los Angeles Rams,Arizona Cardinals,BetUS,spreads,Arizona Cardinals,1.95,6.0
2024-12-29T01:16:00Z,Los Angeles Rams,Arizona Cardinals,BetUS,spreads,Los Angeles Rams,1.87,-6.0
2024-12-29T01:16:00Z,Los Angeles Rams,Arizona Cardinals,BetUS,totals,Over,1.91,48.0
2024-12-29T01:16:00Z,Los Angeles Rams,Arizona Cardinals,BetUS,totals,Under,1.91,48.0
2024-12-29T01:16:00Z,Los Angeles Rams,Arizona Cardinals,FanDuel,h2h,Arizona Cardinals,3.15,
2024-12-29T01:16:00Z,Los Angeles Rams,Arizona Cardinals,FanDuel,h2h,Los Angeles Rams,1.38,
2024-12-29T01:16:00Z,Los Angeles Rams,Arizona Cardinals,FanDuel,spreads,Arizona Cardinals,1.95,5.5
2024-12-29T01:16:00Z,Los Angeles Rams,Arizona Cardinals,FanDuel,spreads,Los Angeles Rams,1.87,-5.5
2024-12-29T01:16:00Z,Los Angeles Rams,Arizona Cardinals,FanDuel,totals,Over,1.91,48.5
2024-12-29T01:16:00Z,Los Angeles Rams,Arizona Cardinals,FanDuel,totals,Under,1.91,48.5
2024-12-29T01:16:00Z,Los Angeles Rams,Arizona Cardinals,MyBookie.ag,h2h,Arizona Cardinals,3.06,
2024-12-29T01:16:00Z,Los Angeles Rams,Arizona Cardinals,MyBookie.ag,h2h,Los Angeles Rams,1.38,
2024-12-29T01:16:00Z,Los Angeles Rams,Arizona Cardinals,MyBookie.ag,spreads,Arizona Cardinals,1.91,6.0
2024-12-29T01:16:00Z,Los Angeles Rams,Arizona Cardinals,MyBookie.ag,spreads,Los Angeles Rams,1.91,-6.0
2024-12-29T01:16:00Z,Los Angeles Rams,Arizona Cardinals,MyBookie.ag,totals,Over,1.91,48.5
2024-12-29T01:16:00Z,Los Angeles Rams,Arizona Cardinals,MyBookie.ag,totals,Under,1.91,48.5
2024-12-29T01:16:00Z,Los Angeles Rams,Arizona Cardinals,LowVig.ag,h2h,Arizona Cardinals,3.2,
2024-12-29T01:16:00Z,Los Angeles Rams,Arizona Cardinals,LowVig.ag,h2h,Los Angeles Rams,1.38,
2024-12-29T01:16:00Z,Los Angeles Rams,Arizona Cardinals,LowVig.ag,spreads,Arizona Cardinals,1.95,6.0
2024-12-29T01:16:00Z,Los Angeles Rams,Arizona Cardinals,LowVig.ag,spreads,Los Angeles Rams,1.95,-6.0
2024-12-29T01:16:00Z,Los Angeles Rams,Arizona Cardinals,LowVig.ag,totals,Over,1.93,48.5
2024-12-29T01:16:00Z,Los Angeles Rams,Arizona Cardinals,LowVig.ag,totals,Under,1.93,48.5
2024-12-29T01:16:00Z,Los Angeles Rams,Arizona Cardinals,BetOnline.ag,h2h,Arizona Cardinals,3.2,
2024-12-29T01:16:00Z,Los Angeles Rams,Arizona Cardinals,BetOnline.ag,h2h,Los Angeles Rams,1.38,
2024-12-29T01:16:00Z,Los Angeles Rams,Arizona Cardinals,BetOnline.ag,spreads,Arizona Cardinals,1.91,6.0
2024-12-29T01:16:00Z,Los Angeles Rams,Arizona Cardinals,BetOnline.ag,spreads,Los Angeles Rams,1.91,-6.0
2024-12-29T01:16:00Z,Los Angeles Rams,Arizona Cardinals,BetOnline.ag,totals,Over,1.91,48.5
2024-12-29T01:16:00Z,Los Angeles Rams,Arizona Cardinals,BetOnline.ag,totals,Under,1.91,48.5
2024-12-29T01:16:00Z,Los Angeles Rams,Arizona Cardinals,BetRivers,h2h,Arizona Cardinals,3.25,
2024-12-29T01:16:00Z,Los Angeles Rams,Arizona Cardinals,BetRivers,h2h,Los Angeles Rams,1.35,
2024-12-29T01:16:00Z,Los Angeles Rams,Arizona Cardinals,BetRivers,spreads,Arizona Cardinals,1.91,6.0
2024-12-29T01:16:00Z,Los Angeles Rams,Arizona Cardinals,BetRivers,spreads,Los Angeles Rams,1.91,-6.0
2024-12-29T01:16:00Z,Los Angeles Rams,Arizona Cardinals,BetRivers,totals,Over,1.92,48.0
2024-12-29T01:16:00Z,Los Angeles Rams,Arizona Cardinals,BetRivers,totals,Under,1.89,48.0
2024-12-29T01:16:00Z,Los Angeles Rams,Arizona Cardinals,BetMGM,h2h,Arizona Cardinals,3.2,
2024-12-29T01:16:00Z,Los Angeles Rams,Arizona Cardinals,BetMGM,h2h,Los Angeles Rams,1.36,
2024-12-29T01:16:00Z,Los Angeles Rams,Arizona Cardinals,BetMGM,spreads,Arizona Cardinals,1.91,6.0
2024-12-29T01:16:00Z,Los Angeles Rams,Arizona Cardinals,BetMGM,spreads,Los Angeles Rams,1.91,-6.0
2024-12-29T01:16:00Z,Los Angeles Rams,Arizona Cardinals,BetMGM,totals,Over,1.91,48.5
2024-12-29T01:16:00Z,Los Angeles Rams,Arizona Cardinals,BetMGM,totals,Under,1.91,48.5
2024-12-29T01:16:00Z,Los Angeles Rams,Arizona Cardinals,Bovada,h2h,Arizona Cardinals,3.15,
2024-12-29T01:16:00Z,Los Angeles Rams,Arizona Cardinals,Bovada,h2h,Los Angeles Rams,1.38,
2024-12-29T01:16:00Z,Los Angeles Rams,Arizona Cardinals,Bovada,spreads,Arizona Cardinals,1.91,6.0
2024-12-29T01:16:00Z,Los Angeles Rams,Arizona Cardinals,Bovada,spreads,Los Angeles Rams,1.91,-6.0
2024-12-29T01:16:00Z,Los Angeles Rams,Arizona Cardinals,Bovada,totals,Over,1.87,48.0
2024-12-29T01:16:00Z,Los Angeles Rams,Arizona Cardinals,Bovada,totals,Under,1.95,48.0
2024-12-29T18:00:00Z,Tampa Bay Buccaneers,Carolina Panthers,DraftKings,h2h,Carolina Panthers,4.2,
2024-12-29T18:00:00Z,Tampa Bay Buccaneers,Carolina Panthers,DraftKings,h2h,Tampa Bay Buccaneers,1.24,
2024-12-29T18:00:00Z,Tampa Bay Buccaneers,Carolina Panthers,DraftKings,spreads,Carolina Panthers,1.89,8.0
2024-12-29T18:00:00Z,Tampa Bay Buccaneers,Carolina Panthers,DraftKings,spreads,Tampa Bay Buccaneers,1.93,-8.0
2024-12-29T18:00:00Z,Tampa Bay Buccaneers,Carolina Panthers,DraftKings,totals,Over,1.93,49.5
2024-12-29T18:00:00Z,Tampa Bay Buccaneers,Carolina Panthers,DraftKings,totals,Under,1.89,49.5
2024-12-29T18:00:00Z,Tampa Bay Buccaneers,Carolina Panthers,FanDuel,h2h,Carolina Panthers,4.5,
2024-12-29T18:00:00Z,Tampa Bay Buccaneers,Carolina Panthers,FanDuel,h2h,Tampa Bay Buccaneers,1.22,
2024-12-29T18:00:00Z,Tampa Bay Buccaneers,Carolina Panthers,FanDuel,spreads,Carolina Panthers,1.95,7.5
2024-12-29T18:00:00Z,Tampa Bay Buccaneers,Carolina Panthers,FanDuel,spreads,Tampa Bay Buccaneers,1.87,-7.5
2024-12-29T18:00:00Z,Tampa Bay Buccaneers,Carolina Panthers,FanDuel,totals,Over,1.95,49.5
2024-12-29T18:00:00Z,Tampa Bay Buccaneers,Carolina Panthers,FanDuel,totals,Under,1.87,49.5
2024-12-29T18:00:00Z,Tampa Bay Buccaneers,Carolina Panthers,MyBookie.ag,h2h,Carolina Panthers,4.0,
2024-12-29T18:00:00Z,Tampa Bay Buccaneers,Carolina Panthers,MyBookie.ag,h2h,Tampa Bay Buccaneers,1.24,
2024-12-29T18:00:00Z,Tampa Bay Buccaneers,Carolina Panthers,MyBookie.ag,spreads,Carolina Panthers,1.91,8.0
2024-12-29T18:00:00Z,Tampa Bay Buccaneers,Carolina Panthers,MyBookie.ag,spreads,Tampa Bay Buccaneers,1.91,-8.0
2024-12-29T18:00:00Z,Tampa Bay Buccaneers,Carolina Panthers,MyBookie.ag,totals,Over,1.91,49.0
2024-12-29T18:00:00Z,Tampa Bay Buccaneers,Carolina Panthers,MyBookie.ag,totals,Under,1.91,49.0
2024-12-29T18:00:00Z,Tampa Bay Buccaneers,Carolina Panthers,LowVig.ag,h2h,Carolina Panthers,4.2,
2024-12-29T18:00:00Z,Tampa Bay Buccaneers,Carolina Panthers,LowVig.ag,h2h,Tampa Bay Buccaneers,1.25,
2024-12-29T18:00:00Z,Tampa Bay Buccaneers,Carolina Panthers,LowVig.ag,spreads,Carolina Panthers,1.95,8.0
2024-12-29T18:00:00Z,Tampa Bay Buccaneers,Carolina Panthers,LowVig.ag,spreads,Tampa Bay Buccaneers,1.95,-8.0
2024-12-29T18:00:00Z,Tampa Bay Buccaneers,Carolina Panthers,LowVig.ag,totals,Over,1.93,49.5
2024-12-29T18:00:00Z,Tampa Bay Buccaneers,Carolina Panthers,LowVig.ag,totals,Under,1.93,49.5
2024-12-29T18:00:00Z,Tampa Bay Buccaneers,Carolina Panthers,BetOnline.ag,h2h,Carolina Panthers,4.2,
2024-12-29T18:00:00Z,Tampa Bay Buccaneers,Carolina Panthers,BetOnline.ag,h2h,Tampa Bay Buccaneers,1.25,
2024-12-29T18:00:00Z,Tampa Bay Buccaneers,Carolina Panthers,BetOnline.ag,spreads,Carolina Panthers,1.91,8.0
2024-12-29T18:00:00Z,Tampa Bay Buccaneers,Carolina Panthers,BetOnline.ag,spreads,Tampa Bay Buccaneers,1.91,-8.0
2024-12-29T18:00:00Z,Tampa Bay Buccaneers,Carolina Panthers,BetOnline.ag,totals,Over,1.91,49.5
2024-12-29T18:00:00Z,Tampa Bay Buccaneers,Carolina Panthers,BetOnline.ag,totals,Under,1.91,49.5
2024-12-29T18:00:00Z,Tampa Bay Buccaneers,Carolina Panthers,BetRivers,h2h,Carolina Panthers,4.3,
2024-12-29T18:00:00Z,Tampa Bay Buccaneers,Carolina Panthers,BetRivers,h2h,Tampa Bay Buccaneers,1.23,
2024-12-29T18:00:00Z,Tampa Bay Buccaneers,Carolina Panthers,BetRivers,spreads,Carolina Panthers,1.91,8.0
2024-12-29T18:00:00Z,Tampa Bay Buccaneers,Carolina Panthers,BetRivers,spreads,Tampa Bay Buccaneers,1.91,-8.0
2024-12-29T18:00:00Z,Tampa Bay Buccaneers,Carolina Panthers,BetRivers,totals,Over,1.91,48.5
2024-12-29T18:00:00Z,Tampa Bay Buccaneers,Carolina Panthers,BetRivers,totals,Under,1.91,48.5
2024-12-29T18:00:00Z,Tampa Bay Buccaneers,Carolina Panthers,BetMGM,h2h,Carolina Panthers,4.2,
2024-12-29T18:00:00Z,Tampa Bay Buccaneers,Carolina Panthers,BetMGM,h2h,Tampa Bay Buccaneers,1.25,
2024-12-29T18:00:00Z,Tampa Bay Buccaneers,Carolina Panthers,BetMGM,spreads,Carolina Panthers,1.91,8.0
2024-12-29T18:00:00Z,Tampa Bay Buccaneers,Carolina Panthers,BetMGM,spreads,Tampa Bay Buccaneers,1.91,-8.0
2024-12-29T18:00:00Z,Tampa Bay Buccaneers,Carolina Panthers,BetMGM,totals,Over,1.91,49.5
2024-12-29T18:00:00Z,Tampa Bay Buccaneers,Carolina Panthers,BetMGM,totals,Under,1.91,49.5
2024-12-29T18:01:00Z,Buffalo Bills,New York Jets,DraftKings,h2h,Buffalo Bills,1.19,
2024-12-29T18:01:00Z,Buffalo Bills,New York Jets,DraftKings,h2h,New York Jets,4.9,
2024-12-29T18:01:00Z,Buffalo Bills,New York Jets,DraftKings,spreads,Buffalo Bills,1.87,-9.5
2024-12-29T18:01:00Z,Buffalo Bills,New York Jets,DraftKings,spreads,New York Jets,1.95,9.5
2024-12-29T18:01:00Z,Buffalo Bills,New York Jets,DraftKings,totals,Over,1.91,46.5
2024-12-29T18:01:00Z,Buffalo Bills,New York Jets,DraftKings,totals,Under,1.91,46.5
2024-12-29T18:01:00Z,Buffalo Bills,New York Jets,FanDuel,h2h,Buffalo Bills,1.2,
2024-12-29T18:01:00Z,Buffalo Bills,New York Jets,FanDuel,h2h,New York Jets,4.85,
2024-12-29T18:01:00Z,Buffalo Bills,New York Jets,FanDuel,spreads,Buffalo Bills,1.87,-9.5
2024-12-29T18:01:00Z,Buffalo Bills,New York Jets,FanDuel,spreads,New York Jets,1.95,9.5
2024-12-29T18:01:00Z,Buffalo Bills,New York Jets,FanDuel,totals,Over,1.91,46.5
2024-12-29T18:01:00Z,Buffalo Bills,New York Jets,FanDuel,totals,Under,1.91,46.5
2024-12-29T18:01:00Z,Buffalo Bills,New York Jets,MyBookie.ag,h2h,Buffalo Bills,1.2,
2024-12-29T18:01:00Z,Buffalo Bills,New York Jets,MyBookie.ag,h2h,New York Jets,4.6,
2024-12-29T18:01:00Z,Buffalo Bills,New York Jets,MyBookie.ag,spreads,Buffalo Bills,1.91,-9.5
2024-12-29T18:01:00Z,Buffalo Bills,New York Jets,MyBookie.ag,spreads,New York Jets,1.91,9.5
2024-12-29T18:01:00Z,Buffalo Bills,New York Jets,MyBookie.ag,totals,Over,1.91,46.5
2024-12-29T18:01:00Z,Buffalo Bills,New York Jets,MyBookie.ag,totals,Under,1.91,46.5
2024-12-29T18:01:00Z,Buffalo Bills,New York Jets,LowVig.ag,h2h,Buffalo Bills,1.23,
2024-12-29T18:01:00Z,Buffalo Bills,New York Jets,LowVig.ag,h2h,New York Jets,4.5,
2024-12-29T18:01:00Z,Buffalo Bills,New York Jets,LowVig.ag,spreads,Buffalo Bills,2.0,-10.0
2024-12-29T18:01:00Z,Buffalo Bills,New York Jets,LowVig.ag,spreads,New York Jets,1.91,10.0
2024-12-29T18:01:00Z,Buffalo Bills,New York Jets,LowVig.ag,totals,Over,1.93,46.5
2024-12-29T18:01:00Z,Buffalo Bills,New York Jets,LowVig.ag,totals,Under,1.93,46.5
2024-12-29T18:01:00Z,Buffalo Bills,New York Jets,BetOnline.ag,h2h,Buffalo Bills,1.23,
2024-12-29T18:01:00Z,Buffalo Bills,New York Jets,BetOnline.ag,h2h,New York Jets,4.5,
2024-12-29T18:01:00Z,Buffalo Bills,New York Jets,BetOnline.ag,spreads,Buffalo Bills,1.95,-10.0
2024-12-29T18:01:00Z,Buffalo Bills,New York Jets,BetOnline.ag,spreads,New York Jets,1.87,10.0
2024-12-29T18:01:00Z,Buffalo Bills,New York Jets,BetOnline.ag,totals,Over,1.91,46.5
2024-12-29T18:01:00Z,Buffalo Bills,New York Jets,BetOnline.ag,totals,Under,1.91,46.5
2024-12-29T18:01:00Z,Buffalo Bills,New York Jets,BetRivers,h2h,Buffalo Bills,1.18,
2024-12-29T18:01:00Z,Buffalo Bills,New York Jets,BetRivers,h2h,New York Jets,5.1,
2024-12-29T18:01:00Z,Buffalo Bills,New York Jets,BetRivers,spreads,Buffalo Bills,1.91,-10.0
2024-12-29T18:01:00Z,Buffalo Bills,New York Jets,BetRivers,spreads,New York Jets,1.91,10.0
2024-12-29T18:01:00Z,Buffalo Bills,New York Jets,BetRivers,totals,Over,1.88,46.5
2024-12-29T18:01:00Z,Buffalo Bills,New York Jets,BetRivers,totals,Under,1.93,46.5
2024-12-29T18:01:00Z,Buffalo Bills,New York Jets,BetUS,h2h,Buffalo Bills,1.2,
2024-12-29T18:01:00Z,Buffalo Bills,New York Jets,BetUS,h2h,New York Jets,4.9,
2024-12-29T18:01:00Z,Buffalo Bills,New York Jets,BetUS,spreads,Buffalo Bills,1.91,-10.0
2024-12-29T18:01:00Z,Buffalo Bills,New York Jets,BetUS,spreads,New York Jets,1.91,10.0
2024-12-29T18:01:00Z,Buffalo Bills,New York Jets,BetUS,totals,Over,1.91,46.5
2024-12-29T18:01:00Z,Buffalo Bills,New York Jets,BetUS,totals,Under,1.91,46.5
2024-12-29T18:01:00Z,Buffalo Bills,New York Jets,BetMGM,h2h,Buffalo Bills,1.18,
2024-12-29T18:01:00Z,Buffalo Bills,New York Jets,BetMGM,h2h,New York Jets,5.0,
2024-12-29T18:01:00Z,Buffalo Bills,New York Jets,BetMGM,spreads,Buffalo Bills,1.91,-10.0
2024-12-29T18:01:00Z,Buffalo Bills,New York Jets,BetMGM,spreads,New York Jets,1.91,10.0
2024-12-29T18:01:00Z,Buffalo Bills,New York Jets,BetMGM,totals,Over,1.91,46.5
2024-12-29T18:01:00Z,Buffalo Bills,New York Jets,BetMGM,totals,Under,1.91,46.5
2024-12-29T18:01:00Z,Buffalo Bills,New York Jets,Bovada,h2h,Buffalo Bills,1.22,
2024-12-29T18:01:00Z,Buffalo Bills,New York Jets,Bovada,h2h,New York Jets,4.4,
2024-12-29T18:01:00Z,Buffalo Bills,New York Jets,Bovada,spreads,Buffalo Bills,1.91,-9.5
2024-12-29T18:01:00Z,Buffalo Bills,New York Jets,Bovada,spreads,New York Jets,1.91,9.5
2024-12-29T18:01:00Z,Buffalo Bills,New York Jets,Bovada,totals,Over,1.91,46.5
2024-12-29T18:01:00Z,Buffalo Bills,New York Jets,Bovada,totals,Under,1.91,46.5
2024-12-29T18:01:00Z,New York Giants,Indianapolis Colts,DraftKings,h2h,Indianapolis Colts,1.23,
2024-12-29T18:01:00Z,New York Giants,Indianapolis Colts,DraftKings,h2h,New York Giants,4.4,
2024-12-29T18:01:00Z,New York Giants,Indianapolis Colts,DraftKings,spreads,Indianapolis Colts,1.93,-8.0
2024-12-29T18:01:00Z,New York Giants,Indianapolis Colts,DraftKings,spreads,New York Giants,1.89,8.0
2024-12-29T18:01:00Z,New York Giants,Indianapolis Colts,DraftKings,totals,Over,1.91,40.5
2024-12-29T18:01:00Z,New York Giants,Indianapolis Colts,DraftKings,totals,Under,1.91,40.5
2024-12-29T18:01:00Z,New York Giants,Indianapolis Colts,FanDuel,h2h,Indianapolis Colts,1.24,
2024-12-29T18:01:00Z,New York Giants,Indianapolis Colts,FanDuel,h2h,New York Giants,4.3,
2024-12-29T18:01:00Z,New York Giants,Indianapolis Colts,FanDuel,spreads,Indianapolis Colts,1.87,-7.5
2024-12-29T18:01:00Z,New York Giants,Indianapolis Colts,FanDuel,spreads,New York Giants,1.95,7.5
2024-12-29T18:01:00Z,New York Giants,Indianapolis Colts,FanDuel,totals,Over,1.91,40.5
2024-12-29T18:01:00Z,New York Giants,Indianapolis Colts,FanDuel,totals,Under,1.91,40.5
2024-12-29T18:01:00Z,New York Giants,Indianapolis Colts,MyBookie.ag,h2h,Indianapolis Colts,1.23,
2024-12-29T18:01:00Z,New York Giants,Indianapolis Colts,MyBookie.ag,h2h,New York Giants,4.2,
2024-12-29T18:01:00Z,New York Giants,Indianapolis Colts,MyBookie.ag,spreads,Indianapolis Colts,1.91,-7.5
2024-12-29T18:01:00Z,New York Giants,Indianapolis Colts,MyBookie.ag,spreads,New York Giants,1.91,7.5
2024-12-29T18:01:00Z,New York Giants,Indianapolis Colts,MyBookie.ag,totals,Over,1.91,40.5
2024-12-29T18:01:00Z,New York Giants,Indianapolis Colts,MyBookie.ag,totals,Under,1.91,40.5
2024-12-29T18:01:00Z,New York Giants,Indianapolis Colts,BetOnline.ag,h2h,Indianapolis Colts,1.27,
2024-12-29T18:01:00Z,New York Giants,Indianapolis Colts,BetOnline.ag,h2h,New York Giants,3.95,
2024-12-29T18:01:00Z,New York Giants,Indianapolis Colts,BetOnline.ag,spreads,Indianapolis Colts,1.88,-7.5
2024-12-29T18:01:00Z,New York Giants,Indianapolis Colts,BetOnline.ag,spreads,New York Giants,1.94,7.5
2024-12-29T18:01:00Z,New York Giants,Indianapolis Colts,BetOnline.ag,totals,Over,1.91,40.5
2024-12-29T18:01:00Z,New York Giants,Indianapolis Colts,BetOnline.ag,totals,Under,1.91,40.5
2024-12-29T18:01:00Z,New York Giants,Indianapolis Colts,LowVig.ag,h2h,Indianapolis Colts,1.27,
2024-12-29T18:01:00Z,New York Giants,Indianapolis Colts,LowVig.ag,h2h,New York Giants,3.95,
2024-12-29T18:01:00Z,New York Giants,Indianapolis Colts,LowVig.ag,spreads,Indianapolis Colts,1.92,-7.5
2024-12-29T18:01:00Z,New York Giants,Indianapolis Colts,LowVig.ag,spreads,New York Giants,1.99,7.5
2024-12-29T18:01:00Z,New York Giants,Indianapolis Colts,LowVig.ag,totals,Over,1.93,40.5
2024-12-29T18:01:00Z,New York Giants,Indianapolis Colts,LowVig.ag,totals,Under,1.93,40.5
2024-12-29T18:01:00Z,New York Giants,Indianapolis Colts,BetRivers,h2h,Indianapolis Colts,1.22,
2024-12-29T18:01:00Z,New York Giants,Indianapolis Colts,BetRivers,h2h,New York Giants,4.4,
2024-12-29T18:01:00Z,New York Giants,Indianapolis Colts,BetRivers,spreads,Indianapolis Colts,1.91,-7.5
2024-12-29T18:01:00Z,New York Giants,Indianapolis Colts,BetRivers,spreads,New York Giants,1.91,7.5
2024-12-29T18:01:00Z,New York Giants,Indianapolis Colts,BetRivers,totals,Over,1.88,40.0
2024-12-29T18:01:00Z,New York Giants,Indianapolis Colts,BetRivers,totals,Under,1.93,40.0
2024-12-29T18:01:00Z,New York Giants,Indianapolis Colts,BetUS,h2h,Indianapolis Colts,1.27,
2024-12-29T18:01:00Z,New York Giants,Indianapolis Colts,BetUS,h2h,New York Giants,3.93,
2024-12-29T18:01:00Z,New York Giants,Indianapolis Colts,BetUS,spreads,Indianapolis Colts,2.0,-9.0
2024-12-29T18:01:00Z,New York Giants,Indianapolis Colts,BetUS,spreads,New York Giants,1.83,9.0
2024-12-29T18:01:00Z,New York Giants,Indianapolis Colts,BetUS,totals,Over,1.91,40.5
2024-12-29T18:01:00Z,New York Giants,Indianapolis Colts,BetUS,totals,Under,1.91,40.5
2024-12-29T18:01:00Z,New York Giants,Indianapolis Colts,BetMGM,h2h,Indianapolis Colts,1.25,
2024-12-29T18:01:00Z,New York Giants,Indianapolis Colts,BetMGM,h2h,New York Giants,4.1,
2024-12-29T18:01:00Z,New York Giants,Indianapolis Colts,BetMGM,spreads,Indianapolis Colts,1.91,-7.5
2024-12-29T18:01:00Z,New York Giants,Indianapolis Colts,BetMGM,spreads,New York Giants,1.91,7.5
2024-12-29T18:01:00Z,New York Giants,Indianapolis Colts,BetMGM,totals,Over,1.91,40.5
2024-12-29T18:01:00Z,New York Giants,Indianapolis Colts,BetMGM,totals,Under,1.91,40.5
2024-12-29T18:01:00Z,New York Giants,Indianapolis Colts,Bovada,h2h,Indianapolis Colts,1.27,
2024-12-29T18:01:00Z,New York Giants,Indianapolis Colts,Bovada,h2h,New York Giants,3.85,
2024-12-29T18:01:00Z,New York Giants,Indianapolis Colts,Bovada,spreads,Indianapolis Colts,1.95,-7.5
2024-12-29T18:01:00Z,New York Giants,Indianapolis Colts,Bovada,spreads,New York Giants,1.87,7.5
2024-12-29T18:01:00Z,New York Giants,Indianapolis Colts,Bovada,totals,Over,1.95,41.0
2024-12-29T18:01:00Z,New York Giants,Indianapolis Colts,Bovada,totals,Under,1.87,41.0
2024-12-29T18:01:00Z,Jacksonville Jaguars,Tennessee Titans,DraftKings,h2h,Jacksonville Jaguars,1.91,
2024-12-29T18:01:00Z,Jacksonville Jaguars,Tennessee Titans,DraftKings,h2h,Tennessee Titans,1.91,
2024-12-29T18:01:00Z,Jacksonville Jaguars,Tennessee Titans,DraftKings,spreads,Jacksonville Jaguars,1.95,-1.0
2024-12-29T18:01:00Z,Jacksonville Jaguars,Tennessee Titans,DraftKings,spreads,Tennessee Titans,1.87,1.0
2024-12-29T18:01:00Z,Jacksonville Jaguars,Tennessee Titans,DraftKings,totals,Over,1.91,41.0
2024-12-29T18:01:00Z,Jacksonville Jaguars,Tennessee Titans,DraftKings,totals,Under,1.91,41.0
2024-12-29T18:01:00Z,Jacksonville Jaguars,Tennessee Titans,BetUS,spreads,Jacksonville Jaguars,1.91,-1.0
2024-12-29T18:01:00Z,Jacksonville Jaguars,Tennessee Titans,BetUS,spreads,Tennessee Titans,1.91,1.0
2024-12-29T18:01:00Z,Jacksonville Jaguars,Tennessee Titans,BetUS,totals,Over,1.91,41.0
2024-12-29T18:01:00Z,Jacksonville Jaguars,Tennessee Titans,BetUS,totals,Under,1.91,41.0
2024-12-29T18:01:00Z,Jacksonville Jaguars,Tennessee Titans,FanDuel,h2h,Jacksonville Jaguars,1.85,
2024-12-29T18:01:00Z,Jacksonville Jaguars,Tennessee Titans,FanDuel,h2h,Tennessee Titans,2.0,
2024-12-29T18:01:00Z,Jacksonville Jaguars,Tennessee Titans,FanDuel,spreads,Jacksonville Jaguars,1.96,-1.5
2024-12-29T18:01:00Z,Jacksonville Jaguars,Tennessee Titans,FanDuel,spreads,Tennessee Titans,1.85,1.5
2024-12-29T18:01:00Z,Jacksonville Jaguars,Tennessee Titans,FanDuel,totals,Over,1.91,40.5
2024-12-29T18:01:00Z,Jacksonville Jaguars,Tennessee Titans,FanDuel,totals,Under,1.91,40.5
2024-12-29T18:01:00Z,Jacksonville Jaguars,Tennessee Titans,MyBookie.ag,h2h,Jacksonville Jaguars,1.88,
2024-12-29T18:01:00Z,Jacksonville Jaguars,Tennessee Titans,MyBookie.ag,h2h,Tennessee Titans,1.93,
2024-12-29T18:01:00Z,Jacksonville Jaguars,Tennessee Titans,MyBookie.ag,spreads,Jacksonville Jaguars,1.91,-1.0
2024-12-29T18:01:00Z,Jacksonville Jaguars,Tennessee Titans,MyBookie.ag,spreads,Tennessee Titans,1.91,1.0
2024-12-29T18:01:00Z,Jacksonville Jaguars,Tennessee Titans,MyBookie.ag,totals,Over,1.91,41.0
2024-12-29T18:01:00Z,Jacksonville Jaguars,Tennessee Titans,MyBookie.ag,totals,Under,1.91,41.0
2024-12-29T18:01:00Z,Jacksonville Jaguars,Tennessee Titans,BetOnline.ag,h2h,Jacksonville Jaguars,1.87,
2024-12-29T18:01:00Z,Jacksonville Jaguars,Tennessee Titans,BetOnline.ag,h2h,Tennessee Titans,1.95,
2024-12-29T18:01:00Z,Jacksonville Jaguars,Tennessee Titans,BetOnline.ag,spreads,Jacksonville Jaguars,1.95,-1.0
2024-12-29T18:01:00Z,Jacksonville Jaguars,Tennessee Titans,BetOnline.ag,spreads,Tennessee Titans,1.87,1.0
2024-12-29T18:01:00Z,Jacksonville Jaguars,Tennessee Titans,BetOnline.ag,totals,Over,1.91,41.0
2024-12-29T18:01:00Z,Jacksonville Jaguars,Tennessee Titans,BetOnline.ag,totals,Under,1.91,41.0
2024-12-29T18:01:00Z,Jacksonville Jaguars,Tennessee Titans,LowVig.ag,h2h,Jacksonville Jaguars,1.87,
2024-12-29T18:01:00Z,Jacksonville Jaguars,Tennessee Titans,LowVig.ag,h2h,Tennessee Titans,1.95,
2024-12-29T18:01:00Z,Jacksonville Jaguars,Tennessee Titans,LowVig.ag,spreads,Jacksonville Jaguars,2.0,-1.0
2024-12-29T18:01:00Z,Jacksonville Jaguars,Tennessee Titans,LowVig.ag,spreads,Tennessee Titans,1.91,1.0
2024-12-29T18:01:00Z,Jacksonville Jaguars,Tennessee Titans,LowVig.ag,totals,Over,1.93,41.0
2024-12-29T18:01:00Z,Jacksonville Jaguars,Tennessee Titans,LowVig.ag,totals,Under,1.93,41.0
2024-12-29T18:01:00Z,Jacksonville Jaguars,Tennessee Titans,BetRivers,h2h,Jacksonville Jaguars,1.88,
2024-12-29T18:01:00Z,Jacksonville Jaguars,Tennessee Titans,BetRivers,h2h,Tennessee Titans,1.93,
2024-12-29T18:01:00Z,Jacksonville Jaguars,Tennessee Titans,BetRivers,spreads,Jacksonville Jaguars,1.93,-1.0
2024-12-29T18:01:00Z,Jacksonville Jaguars,Tennessee Titans,BetRivers,spreads,Tennessee Titans,1.88,1.0
2024-12-29T18:01:00Z,Jacksonville Jaguars,Tennessee Titans,BetRivers,totals,Over,1.92,41.0
2024-12-29T18:01:00Z,Jacksonville Jaguars,Tennessee Titans,BetRivers,totals,Under,1.89,41.0
2024-12-29T18:01:00Z,Jacksonville Jaguars,Tennessee Titans,BetMGM,h2h,Jacksonville Jaguars,1.87,
2024-12-29T18:01:00Z,Jacksonville Jaguars,Tennessee Titans,BetMGM,h2h,Tennessee Titans,1.95,
2024-12-29T18:01:00Z,Jacksonville Jaguars,Tennessee Titans,BetMGM,spreads,Jacksonville Jaguars,1.91,-1.0
2024-12-29T18:01:00Z,Jacksonville Jaguars,Tennessee Titans,BetMGM,spreads,Tennessee Titans,1.91,1.0
2024-12-29T18:01:00Z,Jacksonville Jaguars,Tennessee Titans,BetMGM,totals,Over,1.83,40.5
2024-12-29T18:01:00Z,Jacksonville Jaguars,Tennessee Titans,BetMGM,totals,Under,1.91,40.5
2024-12-29T18:01:00Z,Jacksonville Jaguars,Tennessee Titans,Bovada,h2h,Jacksonville Jaguars,1.91,
2024-12-29T18:01:00Z,Jacksonville Jaguars,Tennessee Titans,Bovada,h2h,Tennessee Titans,1.91,
2024-12-29T18:01:00Z,Jacksonville Jaguars,Tennessee Titans,Bovada,spreads,Jacksonville Jaguars,1.95,-1.0
2024-12-29T18:01:00Z,Jacksonville Jaguars,Tennessee Titans,Bovada,spreads,Tennessee Titans,1.87,1.0
2024-12-29T18:01:00Z,Jacksonville Jaguars,Tennessee Titans,Bovada,totals,Over,1.91,41.0
2024-12-29T18:01:00Z,Jacksonville Jaguars,Tennessee Titans,Bovada,totals,Under,1.91,41.0
2024-12-29T18:01:00Z,New Orleans Saints,Las Vegas Raiders,DraftKings,h2h,Las Vegas Raiders,2.05,
2024-12-29T18:01:00Z,New Orleans Saints,Las Vegas Raiders,DraftKings,h2h,New Orleans Saints,1.8,
2024-12-29T18:01:00Z,New Orleans Saints,Las Vegas Raiders,DraftKings,spreads,Las Vegas Raiders,1.93,1.5
2024-12-29T18:01:00Z,New Orleans Saints,Las Vegas Raiders,DraftKings,spreads,New Orleans Saints,1.89,-1.5
2024-12-29T18:01:00Z,New Orleans Saints,Las Vegas Raiders,DraftKings,totals,Over,1.93,40.0
2024-12-29T18:01:00Z,New Orleans Saints,Las Vegas Raiders,DraftKings,totals,Under,1.89,40.0
2024-12-29T18:01:00Z,New Orleans Saints,Las Vegas Raiders,BetUS,spreads,Las Vegas Raiders,2.0,1.0
2024-12-29T18:01:00Z,New Orleans Saints,Las Vegas Raiders,BetUS,spreads,New Orleans Saints,1.83,-1.0
2024-12-29T18:01:00Z,New Orleans Saints,Las Vegas Raiders,BetUS,totals,Over,1.91,39.5
2024-12-29T18:01:00Z,New Orleans Saints,Las Vegas Raiders,BetUS,totals,Under,1.91,39.5
2024-12-29T18:01:00Z,New Orleans Saints,Las Vegas Raiders,FanDuel,h2h,Las Vegas Raiders,2.08,
2024-12-29T18:01:00Z,New Orleans Saints,Las Vegas Raiders,FanDuel,h2h,New Orleans Saints,1.79,
2024-12-29T18:01:00Z,New Orleans Saints,Las Vegas Raiders,FanDuel,spreads,Las Vegas Raiders,1.87,2.5
2024-12-29T18:01:00Z,New Orleans Saints,Las Vegas Raiders,FanDuel,spreads,New Orleans Saints,1.95,-2.5
2024-12-29T18:01:00Z,New Orleans Saints,Las Vegas Raiders,FanDuel,totals,Over,1.87,39.5
2024-12-29T18:01:00Z,New Orleans Saints,Las Vegas Raiders,FanDuel,totals,Under,1.95,39.5
2024-12-29T18:01:00Z,New Orleans Saints,Las Vegas Raiders,MyBookie.ag,h2h,Las Vegas Raiders,2.05,
2024-12-29T18:01:00Z,New Orleans Saints,Las Vegas Raiders,MyBookie.ag,h2h,New Orleans Saints,1.78,
2024-12-29T18:01:00Z,New Orleans Saints,Las Vegas Raiders,MyBookie.ag,spreads,Las Vegas Raiders,1.91,2.0
2024-12-29T18:01:00Z,New Orleans Saints,Las Vegas Raiders,MyBookie.ag,spreads,New Orleans Saints,1.91,-2.0
2024-12-29T18:01:00Z,New Orleans Saints,Las Vegas Raiders,MyBookie.ag,totals,Over,1.91,39.5
2024-12-29T18:01:00Z,New Orleans Saints,Las Vegas Raiders,MyBookie.ag,totals,Under,1.91,39.5
2024-12-29T18:01:00Z,New Orleans Saints,Las Vegas Raiders,LowVig.ag,spreads,Las Vegas Raiders,1.95,1.5
2024-12-29T18:01:00Z,New Orleans Saints,Las Vegas Raiders,LowVig.ag,spreads,New Orleans Saints,1.95,-1.5
2024-12-29T18:01:00Z,New Orleans Saints,Las Vegas Raiders,LowVig.ag,totals,Over,1.88,40.0
2024-12-29T18:01:00Z,New Orleans Saints,Las Vegas Raiders,LowVig.ag,totals,Under,1.98,40.0
2024-12-29T18:01:00Z,New Orleans Saints,Las Vegas Raiders,BetOnline.ag,spreads,Las Vegas Raiders,1.91,1.5
2024-12-29T18:01:00Z,New Orleans Saints,Las Vegas Raiders,BetOnline.ag,spreads,New Orleans Saints,1.91,-1.5
2024-12-29T18:01:00Z,New Orleans Saints,Las Vegas Raiders,BetOnline.ag,totals,Over,1.87,40.0
2024-12-29T18:01:00Z,New Orleans Saints,Las Vegas Raiders,BetOnline.ag,totals,Under,1.95,40.0
2024-12-29T18:01:00Z,New Orleans Saints,Las Vegas Raiders,BetRivers,h2h,Las Vegas Raiders,2.06,
2024-12-29T18:01:00Z,New Orleans Saints,Las Vegas Raiders,BetRivers,h2h,New Orleans Saints,1.77,
2024-12-29T18:01:00Z,New Orleans Saints,Las Vegas Raiders,BetRivers,spreads,Las Vegas Raiders,1.92,1.5
2024-12-29T18:01:00Z,New Orleans Saints,Las Vegas Raiders,BetRivers,spreads,New Orleans Saints,1.89,-1.5
2024-12-29T18:01:00Z,New Orleans Saints,Las Vegas Raiders,BetRivers,totals,Over,1.88,39.5
2024-12-29T18:01:00Z,New Orleans Saints,Las Vegas Raiders,BetRivers,totals,Under,1.93,39.5
2024-12-29T18:01:00Z,New Orleans Saints,Las Vegas Raiders,BetMGM,h2h,Las Vegas Raiders,2.1,
2024-12-29T18:01:00Z,New Orleans Saints,Las Vegas Raiders,BetMGM,h2h,New Orleans Saints,1.77,
2024-12-29T18:01:00Z,New Orleans Saints,Las Vegas Raiders,BetMGM,spreads,Las Vegas Raiders,1.91,2.5
2024-12-29T18:01:00Z,New Orleans Saints,Las Vegas Raiders,BetMGM,spreads,New Orleans Saints,1.91,-2.5
2024-12-29T18:01:00Z,New Orleans Saints,Las Vegas Raiders,BetMGM,totals,Over,1.91,40.0
2024-12-29T18:01:00Z,New Orleans Saints,Las Vegas Raiders,BetMGM,totals,Under,1.91,40.0
2024-12-29T21:06:00Z,Cleveland Browns,Miami Dolphins,DraftKings,h2h,Cleveland Browns,3.5,
2024-12-29T21:06:00Z,Cleveland Browns,Miami Dolphins,DraftKings,h2h,Miami Dolphins,1.32,
2024-12-29T21:06:00Z,Cleveland Browns,Miami Dolphins,DraftKings,spreads,Cleveland Browns,1.91,6.5
2024-12-29T21:06:00Z,Cleveland Browns,Miami Dolphins,DraftKings,spreads,Miami Dolphins,1.91,-6.5
2024-12-29T21:06:00Z,Cleveland Browns,Miami Dolphins,DraftKings,totals,Over,1.93,40.0
2024-12-29T21:06:00Z,Cleveland Browns,Miami Dolphins,DraftKings,totals,Under,1.89,40.0
2024-12-29T21:06:00Z,Cleveland Browns,Miami Dolphins,FanDuel,h2h,Cleveland Browns,3.4,
2024-12-29T21:06:00Z,Cleveland Browns,Miami Dolphins,FanDuel,h2h,Miami Dolphins,1.34,
2024-12-29T21:06:00Z,Cleveland Browns,Miami Dolphins,FanDuel,spreads,Cleveland Browns,1.91,6.5
2024-12-29T21:06:00Z,Cleveland Browns,Miami Dolphins,FanDuel,spreads,Miami Dolphins,1.91,-6.5
2024-12-29T21:06:00Z,Cleveland Browns,Miami Dolphins,FanDuel,totals,Over,1.95,40.5
2024-12-29T21:06:00Z,Cleveland Browns,Miami Dolphins,FanDuel,totals,Under,1.87,40.5
2024-12-29T21:06:00Z,Cleveland Browns,Miami Dolphins,MyBookie.ag,h2h,Cleveland Browns,3.36,
2024-12-29T21:06:00Z,Cleveland Browns,Miami Dolphins,MyBookie.ag,h2h,Miami Dolphins,1.33,
2024-12-29T21:06:00Z,Cleveland Browns,Miami Dolphins,MyBookie.ag,spreads,Cleveland Browns,1.91,6.5
2024-12-29T21:06:00Z,Cleveland Browns,Miami Dolphins,MyBookie.ag,spreads,Miami Dolphins,1.91,-6.5
2024-12-29T21:06:00Z,Cleveland Browns,Miami Dolphins,MyBookie.ag,totals,Over,1.91,40.0
2024-12-29T21:06:00Z,Cleveland Browns,Miami Dolphins,MyBookie.ag,totals,Under,1.91,40.0
2024-12-29T21:06:00Z,Cleveland Browns,Miami Dolphins,BetOnline.ag,h2h,Cleveland Browns,3.4,
2024-12-29T21:06:00Z,Cleveland Browns,Miami Dolphins,BetOnline.ag,h2h,Miami Dolphins,1.35,
2024-12-29T21:06:00Z,Cleveland Browns,Miami Dolphins,BetOnline.ag,spreads,Cleveland Browns,1.91,6.5
2024-12-29T21:06:00Z,Cleveland Browns,Miami Dolphins,BetOnline.ag,spreads,Miami Dolphins,1.91,-6.5
2024-12-29T21:06:00Z,Cleveland Browns,Miami Dolphins,BetOnline.ag,totals,Over,1.93,40.0
2024-12-29T21:06:00Z,Cleveland Browns,Miami Dolphins,BetOnline.ag,totals,Under,1.88,40.0
2024-12-29T21:06:00Z,Cleveland Browns,Miami Dolphins,LowVig.ag,h2h,Cleveland Browns,3.4,
2024-12-29T21:06:00Z,Cleveland Browns,Miami Dolphins,LowVig.ag,h2h,Miami Dolphins,1.35,
2024-12-29T21:06:00Z,Cleveland Browns,Miami Dolphins,LowVig.ag,spreads,Cleveland Browns,1.95,6.5
2024-12-29T21:06:00Z,Cleveland Browns,Miami Dolphins,LowVig.ag,spreads,Miami Dolphins,1.95,-6.5
2024-12-29T21:06:00Z,Cleveland Browns,Miami Dolphins,LowVig.ag,totals,Over,1.96,40.0
2024-12-29T21:06:00Z,Cleveland Browns,Miami Dolphins,LowVig.ag,totals,Under,1.91,40.0
2024-12-29T21:06:00Z,Cleveland Browns,Miami Dolphins,BetUS,h2h,Cleveland Browns,3.4,
2024-12-29T21:06:00Z,Cleveland Browns,Miami Dolphins,BetUS,h2h,Miami Dolphins,1.34,
2024-12-29T21:06:00Z,Cleveland Browns,Miami Dolphins,BetUS,spreads,Cleveland Browns,1.91,6.5
2024-12-29T21:06:00Z,Cleveland Browns,Miami Dolphins,BetUS,spreads,Miami Dolphins,1.91,-6.5
2024-12-29T21:06:00Z,Cleveland Browns,Miami Dolphins,BetUS,totals,Over,1.91,40.0
2024-12-29T21:06:00Z,Cleveland Browns,Miami Dolphins,BetUS,totals,Under,1.91,40.0
2024-12-29T21:06:00Z,Cleveland Browns,Miami Dolphins,BetRivers,h2h,Cleveland Browns,3.4,
2024-12-29T21:06:00Z,Cleveland Browns,Miami Dolphins,BetRivers,h2h,Miami Dolphins,1.33,
2024-12-29T21:06:00Z,Cleveland Browns,Miami Dolphins,BetRivers,spreads,Cleveland Browns,1.92,6.5
2024-12-29T21:06:00Z,Cleveland Browns,Miami Dolphins,BetRivers,spreads,Miami Dolphins,1.89,-6.5
2024-12-29T21:06:00Z,Cleveland Browns,Miami Dolphins,BetRivers,totals,Over,1.89,40.0
2024-12-29T21:06:00Z,Cleveland Browns,Miami Dolphins,BetRivers,totals,Under,1.92,40.0
2024-12-29T21:06:00Z,Cleveland Browns,Miami Dolphins,BetMGM,h2h,Cleveland Browns,3.4,
2024-12-29T21:06:00Z,Cleveland Browns,Miami Dolphins,BetMGM,h2h,Miami Dolphins,1.33,
2024-12-29T21:06:00Z,Cleveland Browns,Miami Dolphins,BetMGM,spreads,Cleveland Browns,1.91,6.5
2024-12-29T21:06:00Z,Cleveland Browns,Miami Dolphins,BetMGM,spreads,Miami Dolphins,1.91,-6.5
2024-12-29T21:06:00Z,Cleveland Browns,Miami Dolphins,BetMGM,totals,Over,1.91,40.5
2024-12-29T21:06:00Z,Cleveland Browns,Miami Dolphins,BetMGM,totals,Under,1.91,40.5
2024-12-29T21:06:00Z,Cleveland Browns,Miami Dolphins,Bovada,h2h,Cleveland Browns,3.3,
2024-12-29T21:06:00Z,Cleveland Browns,Miami Dolphins,Bovada,h2h,Miami Dolphins,1.36,
2024-12-29T21:06:00Z,Cleveland Browns,Miami Dolphins,Bovada,spreads,Cleveland Browns,1.91,6.5
2024-12-29T21:06:00Z,Cleveland Browns,Miami Dolphins,Bovada,spreads,Miami Dolphins,1.91,-6.5
2024-12-29T21:06:00Z,Cleveland Browns,Miami Dolphins,Bovada,totals,Over,1.95,40.5
2024-12-29T21:06:00Z,Cleveland Browns,Miami Dolphins,Bovada,totals,Under,1.87,40.5
2024-12-29T21:25:00Z,Philadelphia Eagles,Dallas Cowboys,DraftKings,h2h,Dallas Cowboys,4.5,
2024-12-29T21:25:00Z,Philadelphia Eagles,Dallas Cowboys,DraftKings,h2h,Philadelphia Eagles,1.22,
2024-12-29T21:25:00Z,Philadelphia Eagles,Dallas Cowboys,DraftKings,spreads,Dallas Cowboys,1.93,9.5
2024-12-29T21:25:00Z,Philadelphia Eagles,Dallas Cowboys,DraftKings,spreads,Philadelphia Eagles,1.89,-9.5
2024-12-29T21:25:00Z,Philadelphia Eagles,Dallas Cowboys,DraftKings,totals,Over,1.93,43.0
2024-12-29T21:25:00Z,Philadelphia Eagles,Dallas Cowboys,DraftKings,totals,Under,1.89,43.0
2024-12-29T21:25:00Z,Philadelphia Eagles,Dallas Cowboys,FanDuel,h2h,Dallas Cowboys,4.8,
2024-12-29T21:25:00Z,Philadelphia Eagles,Dallas Cowboys,FanDuel,h2h,Philadelphia Eagles,1.2,
2024-12-29T21:25:00Z,Philadelphia Eagles,Dallas Cowboys,FanDuel,spreads,Dallas Cowboys,1.95,9.5
2024-12-29T21:25:00Z,Philadelphia Eagles,Dallas Cowboys,FanDuel,spreads,Philadelphia Eagles,1.87,-9.5
2024-12-29T21:25:00Z,Philadelphia Eagles,Dallas Cowboys,FanDuel,totals,Over,1.95,43.5
2024-12-29T21:25:00Z,Philadelphia Eagles,Dallas Cowboys,FanDuel,totals,Under,1.87,43.5
2024-12-29T21:25:00Z,Philadelphia Eagles,Dallas Cowboys,MyBookie.ag,h2h,Dallas Cowboys,4.5,
2024-12-29T21:25:00Z,Philadelphia Eagles,Dallas Cowboys,MyBookie.ag,h2h,Philadelphia Eagles,1.22,
2024-12-29T21:25:00Z,Philadelphia Eagles,Dallas Cowboys,MyBookie.ag,spreads,Dallas Cowboys,1.91,10.0
2024-12-29T21:25:00Z,Philadelphia Eagles,Dallas Cowboys,MyBookie.ag,spreads,Philadelphia Eagles,1.91,-10.0
2024-12-29T21:25:00Z,Philadelphia Eagles,Dallas Cowboys,MyBookie.ag,totals,Over,1.91,43.0
2024-12-29T21:25:00Z,Philadelphia Eagles,Dallas Cowboys,MyBookie.ag,totals,Under,1.91,43.0
2024-12-29T21:25:00Z,Philadelphia Eagles,Dallas Cowboys,BetOnline.ag,spreads,Dallas Cowboys,1.87,10.0
2024-12-29T21:25:00Z,Philadelphia Eagles,Dallas Cowboys,BetOnline.ag,spreads,Philadelphia Eagles,1.95,-10.0
2024-12-29T21:25:00Z,Philadelphia Eagles,Dallas Cowboys,BetOnline.ag,totals,Over,1.91,42.5
2024-12-29T21:25:00Z,Philadelphia Eagles,Dallas Cowboys,BetOnline.ag,totals,Under,1.91,42.5
2024-12-29T21:25:00Z,Philadelphia Eagles,Dallas Cowboys,LowVig.ag,spreads,Dallas Cowboys,1.91,10.0
2024-12-29T21:25:00Z,Philadelphia Eagles,Dallas Cowboys,LowVig.ag,spreads,Philadelphia Eagles,2.0,-10.0
2024-12-29T21:25:00Z,Philadelphia Eagles,Dallas Cowboys,LowVig.ag,totals,Over,1.93,42.5
2024-12-29T21:25:00Z,Philadelphia Eagles,Dallas Cowboys,LowVig.ag,totals,Under,1.93,42.5
2024-12-29T21:25:00Z,Philadelphia Eagles,Dallas Cowboys,BetRivers,h2h,Dallas Cowboys,4.4,
2024-12-29T21:25:00Z,Philadelphia Eagles,Dallas Cowboys,BetRivers,h2h,Philadelphia Eagles,1.22,
2024-12-29T21:25:00Z,Philadelphia Eagles,Dallas Cowboys,BetRivers,spreads,Dallas Cowboys,1.91,9.5
2024-12-29T21:25:00Z,Philadelphia Eagles,Dallas Cowboys,BetRivers,spreads,Philadelphia Eagles,1.91,-9.5
2024-12-29T21:25:00Z,Philadelphia Eagles,Dallas Cowboys,BetRivers,totals,Over,1.93,43.0
2024-12-29T21:25:00Z,Philadelphia Eagles,Dallas Cowboys,BetRivers,totals,Under,1.88,43.0
2024-12-29T21:25:00Z,Philadelphia Eagles,Dallas Cowboys,BetMGM,h2h,Dallas Cowboys,4.6,
2024-12-29T21:25:00Z,Philadelphia Eagles,Dallas Cowboys,BetMGM,h2h,Philadelphia Eagles,1.22,
2024-12-29T21:25:00Z,Philadelphia Eagles,Dallas Cowboys,BetMGM,spreads,Dallas Cowboys,1.91,9.5
2024-12-29T21:25:00Z,Philadelphia Eagles,Dallas Cowboys,BetMGM,spreads,Philadelphia Eagles,1.91,-9.5
2024-12-29T21:25:00Z,Philadelphia Eagles,Dallas Cowboys,BetMGM,totals,Over,1.91,43.0
2024-12-29T21:25:00Z,Philadelphia Eagles,Dallas Cowboys,BetMGM,totals,Under,1.91,43.0
2024-12-29T21:26:00Z,Minnesota Vikings,Green Bay Packers,DraftKings,h2h,Green Bay Packers,1.98,
2024-12-29T21:26:00Z,Minnesota Vikings,Green Bay Packers,DraftKings,h2h,Minnesota Vikings,1.85,
2024-12-29T21:26:00Z,Minnesota Vikings,Green Bay Packers,DraftKings,spreads,Green Bay Packers,1.89,1.5
2024-12-29T21:26:00Z,Minnesota Vikings,Green Bay Packers,DraftKings,spreads,Minnesota Vikings,1.93,-1.5
2024-12-29T21:26:00Z,Minnesota Vikings,Green Bay Packers,DraftKings,totals,Over,1.93,49.0
2024-12-29T21:26:00Z,Minnesota Vikings,Green Bay Packers,DraftKings,totals,Under,1.89,49.0
2024-12-29T21:26:00Z,Minnesota Vikings,Green Bay Packers,BetUS,spreads,Green Bay Packers,1.91,1.0
2024-12-29T21:26:00Z,Minnesota Vikings,Green Bay Packers,BetUS,spreads,Minnesota Vikings,1.91,-1.0
2024-12-29T21:26:00Z,Minnesota Vikings,Green Bay Packers,BetUS,totals,Over,1.91,49.0
2024-12-29T21:26:00Z,Minnesota Vikings,Green Bay Packers,BetUS,totals,Under,1.91,49.0
2024-12-29T21:26:00Z,Minnesota Vikings,Green Bay Packers,FanDuel,h2h,Green Bay Packers,2.04,
2024-12-29T21:26:00Z,Minnesota Vikings,Green Bay Packers,FanDuel,h2h,Minnesota Vikings,1.82,
2024-12-29T21:26:00Z,Minnesota Vikings,Green Bay Packers,FanDuel,spreads,Green Bay Packers,1.91,1.5
2024-12-29T21:26:00Z,Minnesota Vikings,Green Bay Packers,FanDuel,spreads,Minnesota Vikings,1.91,-1.5
2024-12-29T21:26:00Z,Minnesota Vikings,Green Bay Packers,FanDuel,totals,Over,1.91,48.5
2024-12-29T21:26:00Z,Minnesota Vikings,Green Bay Packers,FanDuel,totals,Under,1.91,48.5
2024-12-29T21:26:00Z,Minnesota Vikings,Green Bay Packers,LowVig.ag,h2h,Green Bay Packers,2.05,
2024-12-29T21:26:00Z,Minnesota Vikings,Green Bay Packers,LowVig.ag,h2h,Minnesota Vikings,1.8,
2024-12-29T21:26:00Z,Minnesota Vikings,Green Bay Packers,LowVig.ag,spreads,Green Bay Packers,1.95,1.5
2024-12-29T21:26:00Z,Minnesota Vikings,Green Bay Packers,LowVig.ag,spreads,Minnesota Vikings,1.95,-1.5
2024-12-29T21:26:00Z,Minnesota Vikings,Green Bay Packers,LowVig.ag,totals,Over,1.93,49.0
2024-12-29T21:26:00Z,Minnesota Vikings,Green Bay Packers,LowVig.ag,totals,Under,1.93,49.0
2024-12-29T21:26:00Z,Minnesota Vikings,Green Bay Packers,BetOnline.ag,h2h,Green Bay Packers,2.05,
2024-12-29T21:26:00Z,Minnesota Vikings,Green Bay Packers,BetOnline.ag,h2h,Minnesota Vikings,1.8,
2024-12-29T21:26:00Z,Minnesota Vikings,Green Bay Packers,BetOnline.ag,spreads,Green Bay Packers,1.91,1.5
2024-12-29T21:26:00Z,Minnesota Vikings,Green Bay Packers,BetOnline.ag,spreads,Minnesota Vikings,1.91,-1.5
2024-12-29T21:26:00Z,Minnesota Vikings,Green Bay Packers,BetOnline.ag,totals,Over,1.91,49.0
2024-12-29T21:26:00Z,Minnesota Vikings,Green Bay Packers,BetOnline.ag,totals,Under,1.91,49.0
2024-12-29T21:26:00Z,Minnesota Vikings,Green Bay Packers,MyBookie.ag,h2h,Green Bay Packers,1.99,
2024-12-29T21:26:00Z,Minnesota Vikings,Green Bay Packers,MyBookie.ag,h2h,Minnesota Vikings,1.83,
2024-12-29T21:26:00Z,Minnesota Vikings,Green Bay Packers,MyBookie.ag,spreads,Green Bay Packers,1.91,1.5
2024-12-29T21:26:00Z,Minnesota Vikings,Green Bay Packers,MyBookie.ag,spreads,Minnesota Vikings,1.91,-1.5
2024-12-29T21:26:00Z,Minnesota Vikings,Green Bay Packers,MyBookie.ag,totals,Over,1.91,48.5
2024-12-29T21:26:00Z,Minnesota Vikings,Green Bay Packers,MyBookie.ag,totals,Under,1.91,48.5
2024-12-29T21:26:00Z,Minnesota Vikings,Green Bay Packers,BetRivers,h2h,Green Bay Packers,2.0,
2024-12-29T21:26:00Z,Minnesota Vikings,Green Bay Packers,BetRivers,h2h,Minnesota Vikings,1.8,
2024-12-29T21:26:00Z,Minnesota Vikings,Green Bay Packers,BetRivers,spreads,Green Bay Packers,1.91,1.5
2024-12-29T21:26:00Z,Minnesota Vikings,Green Bay Packers,BetRivers,spreads,Minnesota Vikings,1.91,-1.5
2024-12-29T21:26:00Z,Minnesota Vikings,Green Bay Packers,BetRivers,totals,Over,1.91,48.5
2024-12-29T21:26:00Z,Minnesota Vikings,Green Bay Packers,BetRivers,totals,Under,1.91,48.5
2024-12-29T21:26:00Z,Minnesota Vikings,Green Bay Packers,BetMGM,h2h,Green Bay Packers,2.05,
2024-12-29T21:26:00Z,Minnesota Vikings,Green Bay Packers,BetMGM,h2h,Minnesota Vikings,1.8,
2024-12-29T21:26:00Z,Minnesota Vikings,Green Bay Packers,BetMGM,spreads,Green Bay Packers,1.91,1.5
2024-12-29T21:26:00Z,Minnesota Vikings,Green Bay Packers,BetMGM,spreads,Minnesota Vikings,1.91,-1.5
2024-12-29T21:26:00Z,Minnesota Vikings,Green Bay Packers,BetMGM,totals,Over,1.91,48.5
2024-12-29T21:26:00Z,Minnesota Vikings,Green Bay Packers,BetMGM,totals,Under,1.91,48.5
2024-12-30T01:21:00Z,Washington Commanders,Atlanta Falcons,DraftKings,h2h,Atlanta Falcons,2.6,
2024-12-30T01:21:00Z,Washington Commanders,Atlanta Falcons,DraftKings,h2h,Washington Commanders,1.52,
2024-12-30T01:21:00Z,Washington Commanders,Atlanta Falcons,DraftKings,spreads,Atlanta Falcons,1.93,4.0
2024-12-30T01:21:00Z,Washington Commanders,Atlanta Falcons,DraftKings,spreads,Washington Commanders,1.89,-4.0
2024-12-30T01:21:00Z,Washington Commanders,Atlanta Falcons,DraftKings,totals,Over,1.93,47.5
2024-12-30T01:21:00Z,Washington Commanders,Atlanta Falcons,DraftKings,totals,Under,1.89,47.5
2024-12-30T01:21:00Z,Washington Commanders,Atlanta Falcons,FanDuel,h2h,Atlanta Falcons,2.66,
2024-12-30T01:21:00Z,Washington Commanders,Atlanta Falcons,FanDuel,h2h,Washington Commanders,1.51,
2024-12-30T01:21:00Z,Washington Commanders,Atlanta Falcons,FanDuel,spreads,Atlanta Falcons,1.87,4.5
2024-12-30T01:21:00Z,Washington Commanders,Atlanta Falcons,FanDuel,spreads,Washington Commanders,1.95,-4.5
2024-12-30T01:21:00Z,Washington Commanders,Atlanta Falcons,FanDuel,totals,Over,1.96,47.5
2024-12-30T01:21:00Z,Washington Commanders,Atlanta Falcons,FanDuel,totals,Under,1.85,47.5
2024-12-30T01:21:00Z,Washington Commanders,Atlanta Falcons,MyBookie.ag,h2h,Atlanta Falcons,2.64,
2024-12-30T01:21:00Z,Washington Commanders,Atlanta Falcons,MyBookie.ag,h2h,Washington Commanders,1.49,
2024-12-30T01:21:00Z,Washington Commanders,Atlanta Falcons,MyBookie.ag,spreads,Atlanta Falcons,1.91,4.0
2024-12-30T01:21:00Z,Washington Commanders,Atlanta Falcons,MyBookie.ag,spreads,Washington Commanders,1.91,-4.0
2024-12-30T01:21:00Z,Washington Commanders,Atlanta Falcons,MyBookie.ag,totals,Over,1.91,47.0
2024-12-30T01:21:00Z,Washington Commanders,Atlanta Falcons,MyBookie.ag,totals,Under,1.91,47.0
2024-12-30T01:21:00Z,Washington Commanders,Atlanta Falcons,LowVig.ag,h2h,Atlanta Falcons,2.75,
2024-12-30T01:21:00Z,Washington Commanders,Atlanta Falcons,LowVig.ag,h2h,Washington Commanders,1.49,
2024-12-30T01:21:00Z,Washington Commanders,Atlanta Falcons,LowVig.ag,spreads,Atlanta Falcons,1.89,4.5
2024-12-30T01:21:00Z,Washington Commanders,Atlanta Falcons,LowVig.ag,spreads,Washington Commanders,2.01,-4.5
2024-12-30T01:21:00Z,Washington Commanders,Atlanta Falcons,LowVig.ag,totals,Over,1.93,47.0
2024-12-30T01:21:00Z,Washington Commanders,Atlanta Falcons,LowVig.ag,totals,Under,1.93,47.0
2024-12-30T01:21:00Z,Washington Commanders,Atlanta Falcons,BetOnline.ag,h2h,Atlanta Falcons,2.75,
2024-12-30T01:21:00Z,Washington Commanders,Atlanta Falcons,BetOnline.ag,h2h,Washington Commanders,1.49,
2024-12-30T01:21:00Z,Washington Commanders,Atlanta Falcons,BetOnline.ag,spreads,Atlanta Falcons,1.86,4.5
2024-12-30T01:21:00Z,Washington Commanders,Atlanta Falcons,BetOnline.ag,spreads,Washington Commanders,1.96,-4.5
2024-12-30T01:21:00Z,Washington Commanders,Atlanta Falcons,BetOnline.ag,totals,Over,1.91,47.0
2024-12-30T01:21:00Z,Washington Commanders,Atlanta Falcons,BetOnline.ag,totals,Under,1.91,47.0
2024-12-30T01:21:00Z,Washington Commanders,Atlanta Falcons,BetRivers,h2h,Atlanta Falcons,2.65,
2024-12-30T01:21:00Z,Washington Commanders,Atlanta Falcons,BetRivers,h2h,Washington Commanders,1.49,
2024-12-30T01:21:00Z,Washington Commanders,Atlanta Falcons,BetRivers,spreads,Atlanta Falcons,1.91,4.0
2024-12-30T01:21:00Z,Washington Commanders,Atlanta Falcons,BetRivers,spreads,Washington Commanders,1.91,-4.0
2024-12-30T01:21:00Z,Washington Commanders,Atlanta Falcons,BetRivers,totals,Over,1.92,47.0
2024-12-30T01:21:00Z,Washington Commanders,Atlanta Falcons,BetRivers,totals,Under,1.89,47.0
2024-12-30T01:21:00Z,Washington Commanders,Atlanta Falcons,BetMGM,h2h,Atlanta Falcons,2.7,
2024-12-30T01:21:00Z,Washington Commanders,Atlanta Falcons,BetMGM,h2h,Washington Commanders,1.48,
2024-12-30T01:21:00Z,Washington Commanders,Atlanta Falcons,BetMGM,spreads,Atlanta Falcons,1.91,4.0
2024-12-30T01:21:00Z,Washington Commanders,Atlanta Falcons,BetMGM,spreads,Washington Commanders,1.91,-4.0
2024-12-30T01:21:00Z,Washington Commanders,Atlanta Falcons,BetMGM,totals,Over,1.91,47.5
2024-12-30T01:21:00Z,Washington Commanders,Atlanta Falcons,BetMGM,totals,Under,1.83,47.5
2024-12-30T01:21:00Z,Washington Commanders,Atlanta Falcons,Bovada,h2h,Atlanta Falcons,2.8,
2024-12-30T01:21:00Z,Washington Commanders,Atlanta Falcons,Bovada,h2h,Washington Commanders,1.45,
2024-12-30T01:21:00Z,Washington Commanders,Atlanta Falcons,Bovada,spreads,Atlanta Falcons,1.91,4.0
2024-12-30T01:21:00Z,Washington Commanders,Atlanta Falcons,Bovada,spreads,Washington Commanders,1.91,-4.0
2024-12-30T01:21:00Z,Washington Commanders,Atlanta Falcons,Bovada,totals,Over,1.87,47.0
2024-12-30T01:21:00Z,Washington Commanders,Atlanta Falcons,Bovada,totals,Under,1.95,47.0
2024-12-31T01:16:00Z,San Francisco 49ers,Detroit Lions,DraftKings,h2h,Detroit Lions,1.56,
2024-12-31T01:16:00Z,San Francisco 49ers,Detroit Lions,DraftKings,h2h,San Francisco 49ers,2.5,
2024-12-31T01:16:00Z,San Francisco 49ers,Detroit Lions,DraftKings,spreads,Detroit Lions,1.95,-3.5
2024-12-31T01:16:00Z,San Francisco 49ers,Detroit Lions,DraftKings,spreads,San Francisco 49ers,1.87,3.5
2024-12-31T01:16:00Z,San Francisco 49ers,Detroit Lions,DraftKings,totals,Over,1.89,51.0
2024-12-31T01:16:00Z,San Francisco 49ers,Detroit Lions,DraftKings,totals,Under,1.93,51.0
2024-12-31T01:16:00Z,San Francisco 49ers,Detroit Lions,FanDuel,h2h,Detroit Lions,1.52,
2024-12-31T01:16:00Z,San Francisco 49ers,Detroit Lions,FanDuel,h2h,San Francisco 49ers,2.62,
2024-12-31T01:16:00Z,San Francisco 49ers,Detroit Lions,FanDuel,spreads,Detroit Lions,1.95,-3.5
2024-12-31T01:16:00Z,San Francisco 49ers,Detroit Lions,FanDuel,spreads,San Francisco 49ers,1.87,3.5
2024-12-31T01:16:00Z,San Francisco 49ers,Detroit Lions,FanDuel,totals,Over,1.95,51.5
2024-12-31T01:16:00Z,San Francisco 49ers,Detroit Lions,FanDuel,totals,Under,1.87,51.5
2024-12-31T01:16:00Z,San Francisco 49ers,Detroit Lions,MyBookie.ag,h2h,Detroit Lions,1.52,
2024-12-31T01:16:00Z,San Francisco 49ers,Detroit Lions,MyBookie.ag,h2h,San Francisco 49ers,2.48,
2024-12-31T01:16:00Z,San Francisco 49ers,Detroit Lions,MyBookie.ag,spreads,Detroit Lions,1.91,-3.5
2024-12-31T01:16:00Z,San Francisco 49ers,Detroit Lions,MyBookie.ag,spreads,San Francisco 49ers,1.91,3.5
2024-12-31T01:16:00Z,San Francisco 49ers,Detroit Lions,MyBookie.ag,totals,Over,1.91,51.5
2024-12-31T01:16:00Z,San Francisco 49ers,Detroit Lions,MyBookie.ag,totals,Under,1.91,51.5
2024-12-31T01:16:00Z,San Francisco 49ers,Detroit Lions,LowVig.ag,h2h,Detroit Lions,1.55,
2024-12-31T01:16:00Z,San Francisco 49ers,Detroit Lions,LowVig.ag,h2h,San Francisco 49ers,2.62,
2024-12-31T01:16:00Z,San Francisco 49ers,Detroit Lions,LowVig.ag,spreads,Detroit Lions,2.0,-3.5
2024-12-31T01:16:00Z,San Francisco 49ers,Detroit Lions,LowVig.ag,spreads,San Francisco 49ers,1.91,3.5
2024-12-31T01:16:00Z,San Francisco 49ers,Detroit Lions,LowVig.ag,totals,Over,1.93,51.0
2024-12-31T01:16:00Z,San Francisco 49ers,Detroit Lions,LowVig.ag,totals,Under,1.93,51.0
2024-12-31T01:16:00Z,San Francisco 49ers,Detroit Lions,BetOnline.ag,h2h,Detroit Lions,1.55,
2024-12-31T01:16:00Z,San Francisco 49ers,Detroit Lions,BetOnline.ag,h2h,San Francisco 49ers,2.62,
2024-12-31T01:16:00Z,San Francisco 49ers,Detroit Lions,BetOnline.ag,spreads,Detroit Lions,1.95,-3.5
2024-12-31T01:16:00Z,San Francisco 49ers,Detroit Lions,BetOnline.ag,spreads,San Francisco 49ers,1.87,3.5
2024-12-31T01:16:00Z,San Francisco 49ers,Detroit Lions,BetOnline.ag,totals,Over,1.91,51.0
2024-12-31T01:16:00Z,San Francisco 49ers,Detroit Lions,BetOnline.ag,totals,Under,1.91,51.0
2024-12-31T01:16:00Z,San Francisco 49ers,Detroit Lions,BetRivers,h2h,Detroit Lions,1.53,
2024-12-31T01:16:00Z,San Francisco 49ers,Detroit Lions,BetRivers,h2h,San Francisco 49ers,2.55,
2024-12-31T01:16:00Z,San Francisco 49ers,Detroit Lions,BetRivers,spreads,Detroit Lions,1.92,-3.5
2024-12-31T01:16:00Z,San Francisco 49ers,Detroit Lions,BetRivers,spreads,San Francisco 49ers,1.89,3.5
2024-12-31T01:16:00Z,San Francisco 49ers,Detroit Lions,BetRivers,totals,Over,1.93,51.5
2024-12-31T01:16:00Z,San Francisco 49ers,Detroit Lions,BetRivers,totals,Under,1.88,51.5
2024-12-31T01:16:00Z,San Francisco 49ers,Detroit Lions,BetUS,h2h,Detroit Lions,1.56,
2024-12-31T01:16:00Z,San Francisco 49ers,Detroit Lions,BetUS,h2h,San Francisco 49ers,2.55,
2024-12-31T01:16:00Z,San Francisco 49ers,Detroit Lions,BetUS,spreads,Detroit Lions,1.83,-3.0
2024-12-31T01:16:00Z,San Francisco 49ers,Detroit Lions,BetUS,spreads,San Francisco 49ers,2.0,3.0
2024-12-31T01:16:00Z,San Francisco 49ers,Detroit Lions,BetUS,totals,Over,1.91,51.0
2024-12-31T01:16:00Z,San Francisco 49ers,Detroit Lions,BetUS,totals,Under,1.91,51.0
2024-12-31T01:16:00Z,San Francisco 49ers,Detroit Lions,BetMGM,h2h,Detroit Lions,1.53,
2024-12-31T01:16:00Z,San Francisco 49ers,Detroit Lions,BetMGM,h2h,San Francisco 49ers,2.55,
2024-12-31T01:16:00Z,San Francisco 49ers,Detroit Lions,BetMGM,spreads,Detroit Lions,1.91,-3.5
2024-12-31T01:16:00Z,San Francisco 49ers,Detroit Lions,BetMGM,spreads,San Francisco 49ers,1.91,3.5
2024-12-31T01:16:00Z,San Francisco 49ers,Detroit Lions,BetMGM,totals,Over,1.91,51.5
2024-12-31T01:16:00Z,San Francisco 49ers,Detroit Lions,BetMGM,totals,Under,1.91,51.5
2024-12-31T01:16:00Z,San Francisco 49ers,Detroit Lions,Bovada,h2h,Detroit Lions,1.51,
2024-12-31T01:16:00Z,San Francisco 49ers,Detroit Lions,Bovada,h2h,San Francisco 49ers,2.65,
2024-12-31T01:16:00Z,San Francisco 49ers,Detroit Lions,Bovada,spreads,Detroit Lions,1.95,-3.5
2024-12-31T01:16:00Z,San Francisco 49ers,Detroit Lions,Bovada,spreads,San Francisco 49ers,1.87,3.5
2024-12-31T01:16:00Z,San Francisco 49ers,Detroit Lions,Bovada,totals,Over,1.95,51.0
2024-12-31T01:16:00Z,San Francisco 49ers,Detroit Lions,Bovada,totals,Under,1.87,51.0
